-- mysqldump-php https://github.com/ifsnop/mysqldump-php
--
-- Host: localhost	Database: yky_pinjam
-- ------------------------------------------------------
-- Server version 	10.4.28-MariaDB
-- Date: Wed, 24 Jan 2024 04:06:26 +0700

/*!40101 SET @OLD_CHARACTER_SET_CLIENT=@@CHARACTER_SET_CLIENT */;
/*!40101 SET @OLD_CHARACTER_SET_RESULTS=@@CHARACTER_SET_RESULTS */;
/*!40101 SET @OLD_COLLATION_CONNECTION=@@COLLATION_CONNECTION */;
/*!40101 SET NAMES utf8 */;
/*!40103 SET @OLD_TIME_ZONE=@@TIME_ZONE */;
/*!40103 SET TIME_ZONE='+00:00' */;
/*!40101 SET @OLD_AUTOCOMMIT=@@AUTOCOMMIT */;
/*!40014 SET @OLD_UNIQUE_CHECKS=@@UNIQUE_CHECKS, UNIQUE_CHECKS=0 */;
/*!40014 SET @OLD_FOREIGN_KEY_CHECKS=@@FOREIGN_KEY_CHECKS, FOREIGN_KEY_CHECKS=0 */;
/*!40101 SET @OLD_SQL_MODE=@@SQL_MODE, SQL_MODE='NO_AUTO_VALUE_ON_ZERO' */;
/*!40111 SET @OLD_SQL_NOTES=@@SQL_NOTES, SQL_NOTES=0 */;

--
-- Table structure for table `tbl_angka`
--

/*!40101 SET @saved_cs_client     = @@character_set_client */;
/*!40101 SET character_set_client = utf8 */;
CREATE TABLE `tbl_angka` (
  `id` int(10) NOT NULL AUTO_INCREMENT,
  `id_angka` int(10) NOT NULL,
  PRIMARY KEY (`id`)
) ENGINE=InnoDB AUTO_INCREMENT=2 DEFAULT CHARSET=utf8mb4 COLLATE=utf8mb4_general_ci;
/*!40101 SET character_set_client = @saved_cs_client */;

--
-- Dumping data for table `tbl_angka`
--

LOCK TABLES `tbl_angka` WRITE;
/*!40000 ALTER TABLE `tbl_angka` DISABLE KEYS */;
SET autocommit=0;
INSERT INTO `tbl_angka` VALUES (1,58);
/*!40000 ALTER TABLE `tbl_angka` ENABLE KEYS */;
UNLOCK TABLES;
COMMIT;

-- Dumped table `tbl_angka` with 1 row(s)
--

--
-- Table structure for table `tbl_backup`
--

/*!40101 SET @saved_cs_client     = @@character_set_client */;
/*!40101 SET character_set_client = utf8 */;
CREATE TABLE `tbl_backup` (
  `id` int(11) NOT NULL AUTO_INCREMENT,
  `nama_file` varchar(255) NOT NULL,
  `created_at` datetime NOT NULL DEFAULT current_timestamp(),
  `updated_at` timestamp NULL DEFAULT NULL ON UPDATE current_timestamp(),
  PRIMARY KEY (`id`)
) ENGINE=InnoDB AUTO_INCREMENT=4 DEFAULT CHARSET=utf8mb4 COLLATE=utf8mb4_general_ci;
/*!40101 SET character_set_client = @saved_cs_client */;

--
-- Dumping data for table `tbl_backup`
--

LOCK TABLES `tbl_backup` WRITE;
/*!40000 ALTER TABLE `tbl_backup` DISABLE KEYS */;
SET autocommit=0;
INSERT INTO `tbl_backup` VALUES (3,'dbbackup-2024-01-23_21.04.21.sql','2024-01-23 21:04:21','2024-01-23 14:04:21');
/*!40000 ALTER TABLE `tbl_backup` ENABLE KEYS */;
UNLOCK TABLES;
COMMIT;

-- Dumped table `tbl_backup` with 1 row(s)
--

--
-- Table structure for table `tbl_barang`
--

/*!40101 SET @saved_cs_client     = @@character_set_client */;
/*!40101 SET character_set_client = utf8 */;
CREATE TABLE `tbl_barang` (
  `id` int(10) NOT NULL AUTO_INCREMENT,
  `kode_barang` varchar(255) NOT NULL,
  `nama_barang` varchar(100) NOT NULL,
  `slug` varchar(255) NOT NULL,
  `jumlah_barang` int(100) NOT NULL,
  `status_barang` int(100) NOT NULL DEFAULT 0,
  `kondisi_barang` varchar(10) NOT NULL DEFAULT 'baik',
  `created_at` datetime(6) DEFAULT NULL,
  `updated_at` datetime(6) DEFAULT NULL ON UPDATE current_timestamp(6),
  `deleted_at` datetime(6) DEFAULT NULL,
  PRIMARY KEY (`id`)
) ENGINE=InnoDB AUTO_INCREMENT=1550 DEFAULT CHARSET=utf8mb4 COLLATE=utf8mb4_general_ci;
/*!40101 SET character_set_client = @saved_cs_client */;

--
-- Dumping data for table `tbl_barang`
--

LOCK TABLES `tbl_barang` WRITE;
/*!40000 ALTER TABLE `tbl_barang` DISABLE KEYS */;
SET autocommit=0;
INSERT INTO `tbl_barang` VALUES (1260,'11111','Coba barang','coba-barang',1,1,'baik','2024-01-08 06:58:05.000000','2024-01-22 19:31:15.000000',NULL),(1261,'YKY INV KEP 01 TERMOGUN 01','TERMOMETER GUN','termometer-gun',1,0,'baik','2024-01-08 06:58:33.000000','2024-01-19 18:09:39.142722',NULL),(1262,'YKY INV KEP 01 TERMOGUN 02','TERMOMETER GUN','termometer-gun',1,0,'baik','2024-01-08 06:58:33.000000','2024-01-19 18:09:39.147747',NULL),(1263,'YKY INV KEP 01 BS KCL 01','BAK STERIL KECIL','bak-steril-kecil',1,0,'baik','2024-01-08 06:58:33.000000','2024-01-19 06:20:01.021656',NULL),(1264,'YKY INV KEP 01 BS KCL 02','BAK STERIL KECIL','bak-steril-kecil',1,0,'baik','2024-01-08 06:58:33.000000','2024-01-19 06:20:03.878745',NULL),(1265,'YKY INV KEP 01 KOM BSR 01','KOM BESAR','kom-besar',1,0,'baik','2024-01-08 06:58:33.000000','2024-01-19 18:10:04.816763',NULL),(1266,'YKY INV KEP 01 KOM BSR 02','KOM BESAR','kom-besar',1,0,'baik','2024-01-08 06:58:33.000000','2024-01-19 18:10:04.818432',NULL),(1267,'YKY INV KEP 01 KOM BSR 03','KOM BESAR','kom-besar',1,0,'baik','2024-01-08 06:58:33.000000','2024-01-19 18:10:04.820261',NULL),(1268,'YKY INV KEP 01 KOM BSR 04','KOM BESAR','kom-besar',1,0,'baik','2024-01-08 06:58:33.000000','2024-01-19 18:10:04.822015',NULL),(1269,'YKY INV KEP 01 SPATEL 01','SPATEL','spatel',1,0,'baik','2024-01-08 06:58:33.000000','2024-01-22 16:32:00.134502',NULL),(1270,'YKY INV KEP 01 SPATEL 02','SPATEL','spatel',1,0,'baik','2024-01-08 06:58:33.000000','2024-01-22 16:32:00.135953',NULL),(1271,'YKY INV KEP 01 SPATEL 03','SPATEL','spatel',1,0,'baik','2024-01-08 06:58:33.000000','2024-01-22 16:32:00.137460',NULL),(1272,'YKY INV KEP 01 NALFUDER 01','NALFUDER','nalfuder',1,0,'baik','2024-01-08 06:58:33.000000','2024-01-19 06:20:07.053040',NULL),(1273,'YKY INV KEP 01 NALFUDER 02','NALFUDER','nalfuder',1,0,'baik','2024-01-08 06:58:33.000000','2024-01-19 06:20:09.166928',NULL),(1274,'YKY INV KEP 01 NALFUDER 03','NALFUDER','nalfuder',1,0,'baik','2024-01-08 06:58:33.000000','2024-01-19 06:20:12.898766',NULL),(1275,'YKY INV KEP 01 NALFUDER 04','NALFUDER','nalfuder',1,0,'baik','2024-01-08 06:58:33.000000','2024-01-16 07:18:57.818310',NULL),(1276,'YKY INV KEP 01 NALFUDER 05','NALFUDER','nalfuder',1,0,'baik','2024-01-08 06:58:33.000000','2024-01-16 07:18:57.820190',NULL),(1277,'YKY INV KEP 01 BENGKOK 01','BENGKOK','bengkok',1,0,'baik','2024-01-08 06:58:33.000000','2024-01-17 12:03:03.751488',NULL),(1278,'YKY INV KEP 01 BENGKOK 02','BENGKOK','bengkok',1,0,'baik','2024-01-08 06:58:33.000000','2024-01-17 12:03:03.754438',NULL),(1279,'YKY INV  KEP 01 BENGKOK 03','BENGKOK','bengkok',1,0,'baik','2024-01-08 06:58:33.000000','2024-01-17 12:03:03.756573',NULL),(1280,'YKY INV  KEP 01 BENGKOK 04','BENGKOK','bengkok',1,0,'baik','2024-01-08 06:58:33.000000','2024-01-17 16:57:45.545993',NULL),(1281,'YKY INV  KEP 01 BENGKOK 05','BENGKOK','bengkok',1,0,'baik','2024-01-08 06:58:33.000000','2024-01-17 12:03:53.245297',NULL),(1282,'YKY INV  KEP 01 BENGKOK 06','BENGKOK','bengkok',1,0,'baik','2024-01-08 06:58:33.000000','2024-01-17 16:57:45.547783',NULL),(1283,'YKY INV  KEP 01 BENGKOK 07','BENGKOK','bengkok',1,0,'baik','2024-01-08 06:58:33.000000','2024-01-14 12:01:28.097365',NULL),(1284,'YKY INV  KEP 01 BENGKOK 08','BENGKOK','bengkok',1,0,'baik','2024-01-08 06:58:33.000000','2024-01-14 19:14:21.305117',NULL),(1285,'YKY INV  KEP 01 SPUTUM POT 01','SPUTUM POT','sputum-pot',1,0,'baik','2024-01-08 06:58:33.000000','2024-01-15 09:16:25.286814',NULL),(1286,'YKY INV  KEP 01 SPUTUM POT 02','SPUTUM POT','sputum-pot',1,0,'baik','2024-01-08 06:58:33.000000','2024-01-08 06:58:33.000000',NULL),(1287,'YKY INV  KEP 01 SPUTUM POT 03','SPUTUM POT','sputum-pot',1,0,'baik','2024-01-08 06:58:33.000000','2024-01-08 06:58:33.000000',NULL),(1288,'YKY INV  KEP 01 SPUTUM POT 04','SPUTUM POT','sputum-pot',1,0,'baik','2024-01-08 06:58:33.000000','2024-01-08 06:58:33.000000',NULL),(1289,'YKY INV  KEP 01 STETOSKOP 01','STETOSKOP','stetoskop',1,0,'baik','2024-01-08 06:58:33.000000','2024-01-14 12:01:28.099078',NULL),(1290,'YKY INV  KEP 01 STETOSKOP 02','STETOSKOP','stetoskop',1,0,'baik','2024-01-08 06:58:33.000000','2024-01-14 12:01:28.100779',NULL),(1291,'YKY INV  KEP 01 STETOSKOP 03','STETOSKOP','stetoskop',1,0,'baik','2024-01-08 06:58:33.000000','2024-01-08 06:58:33.000000',NULL),(1292,'YKY INV  KEP 01 STETOSKOP 04','STETOSKOP','stetoskop',1,0,'baik','2024-01-08 06:58:33.000000','2024-01-08 06:58:33.000000',NULL),(1293,'YKY INV  KEP 01 STETOSKOP 05','STETOSKOP','stetoskop',1,0,'baik','2024-01-08 06:58:33.000000','2024-01-08 06:58:33.000000',NULL),(1294,'YKY INV  KEP 01 STETOSKOP 06','STETOSKOP','stetoskop',1,0,'baik','2024-01-08 06:58:33.000000','2024-01-08 06:58:33.000000',NULL),(1295,'YKY INV  KEP 01 STETOSKOP 07','STETOSKOP','stetoskop',1,0,'baik','2024-01-08 06:58:33.000000','2024-01-08 06:58:33.000000',NULL),(1296,'YKY INV  KEP 01 STETOSKOP 08','STETOSKOP','stetoskop',1,0,'baik','2024-01-08 06:58:33.000000','2024-01-08 06:58:33.000000',NULL),(1297,'YKY INV  KEP 01 PHANTOM FB 01','PHANTOM FULL BODY','phantom-full-body',1,0,'baik','2024-01-08 06:58:33.000000','2024-01-08 06:58:33.000000',NULL),(1298,'YKY INV  KEP 01 TERMO DGTL 01','TERMOMETER DIGITAL','termometer-digital',1,0,'baik','2024-01-08 06:58:33.000000','2024-01-14 19:14:21.306808',NULL),(1299,'YKY INV  KEP 01 TERMO DGTL 02','TERMOMETER DIGITAL','termometer-digital',1,0,'baik','2024-01-08 06:58:33.000000','2024-01-08 06:58:33.000000',NULL),(1300,'YKY INV KEP 01 TERMO DGTL 03','TERMOMETER DIGITAL','termometer-digital',1,0,'baik','2024-01-08 06:58:33.000000','2024-01-08 06:58:33.000000',NULL),(1301,'YKY INV KEP 01 PISPOT 01','PISPOT','pispot',1,0,'baik','2024-01-08 06:58:33.000000','2024-01-08 06:58:33.000000',NULL),(1302,'YKY INV KEP 01 PISPOT 02','PISPOT','pispot',1,0,'baik','2024-01-08 06:58:33.000000','2024-01-08 06:58:33.000000',NULL),(1303,'YKY INV KEP 01 PISPOT 03','PISPOT','pispot',1,0,'baik','2024-01-08 06:58:33.000000','2024-01-08 06:58:33.000000',NULL),(1304,'YKY INV KEP 01 URINAL 01','URINAL','urinal',1,0,'baik','2024-01-08 06:58:33.000000','2024-01-08 06:58:33.000000',NULL),(1305,'YKY INV KEP 01 URINAL 02','URINAL','urinal',1,0,'baik','2024-01-08 06:58:33.000000','2024-01-08 06:58:33.000000',NULL),(1306,'YKY INV KEP 01 WW SHEET 01','WW SHEET','ww-sheet',1,0,'baik','2024-01-08 06:58:33.000000','2024-01-08 06:58:33.000000',NULL),(1307,'YKY INV KEP 01 WW SHEET 02','WW SHEET','ww-sheet',1,0,'baik','2024-01-08 06:58:33.000000','2024-01-14 12:01:28.102539',NULL),(1308,'YKY INV KEP 01 WW SHEET 03','WW SHEET','ww-sheet',1,0,'baik','2024-01-08 06:58:33.000000','2024-01-08 06:58:33.000000',NULL),(1309,'YKY INV KEP 01 WW SHEET 04','WW SHEET','ww-sheet',1,0,'baik','2024-01-08 06:58:33.000000','2024-01-08 06:58:33.000000',NULL),(1310,'YKY INV KEP 01 S KRAH 01','S KRAH','s-krah',1,0,'baik','2024-01-08 06:58:33.000000','2024-01-17 12:02:57.340767',NULL),(1311,'YKY INV KEP 01 S KRAH 02','S KRAH','s-krah',1,0,'baik','2024-01-08 06:58:33.000000','2024-01-08 06:58:33.000000',NULL),(1312,'YKY INV KEP 01 S KRAH 03','S KRAH','s-krah',1,0,'baik','2024-01-08 06:58:33.000000','2024-01-08 06:58:33.000000',NULL),(1313,'YKY INV KEP 01 S KRAH 04','S KRAH','s-krah',1,0,'baik','2024-01-08 06:58:33.000000','2024-01-08 06:58:33.000000',NULL),(1314,'YKY INV KEP 01 SISIR 01','SISIR','sisir',1,0,'baik','2024-01-08 06:58:33.000000','2024-01-14 19:14:21.308267',NULL),(1315,'YKY INV KEP 01 SISIR 02','SISIR','sisir',1,0,'baik','2024-01-08 06:58:33.000000','2024-01-14 19:14:21.309672',NULL),(1316,'YKY INV KEP 01 SISIR 03','SISIR','sisir',1,0,'baik','2024-01-08 06:58:33.000000','2024-01-14 19:14:21.311230',NULL),(1317,'YKY INV KEP 01 SISIR 04','SISIR','sisir',1,0,'baik','2024-01-08 06:58:33.000000','2024-01-08 06:58:33.000000',NULL),(1318,'YKY INV KEP 01 SISIR 05','SISIR','sisir',1,0,'baik','2024-01-08 06:58:33.000000','2024-01-08 06:58:33.000000',NULL),(1319,'YKY INV KEP 01 SISIR 06','SISIR','sisir',1,0,'baik','2024-01-08 06:58:33.000000','2024-01-08 06:58:33.000000',NULL),(1320,'YKY INV KEP 01 SISIR 07','SISIR','sisir',1,0,'baik','2024-01-08 06:58:33.000000','2024-01-08 06:58:33.000000',NULL),(1321,'YKY INV KEP 01 SISIR 08','SISIR','sisir',1,0,'baik','2024-01-08 06:58:33.000000','2024-01-08 06:58:33.000000',NULL),(1322,'YKY INV KEP 01 SISIR 09','SISIR','sisir',1,0,'baik','2024-01-08 06:58:33.000000','2024-01-08 06:58:33.000000',NULL),(1323,'YKY INV KEP 01 SIKAT GIGI 01','SIKAT GIGI','sikat-gigi',1,0,'baik','2024-01-08 06:58:33.000000','2024-01-17 12:03:03.758270',NULL),(1324,'YKY INV KEP 01 SIKAT GIGI 02','SIKAT GIGI','sikat-gigi',1,0,'baik','2024-01-08 06:58:33.000000','2024-01-17 12:03:03.760146',NULL),(1325,'YKY INV KEP 01 SIKAT GIGI 03','SIKAT GIGI','sikat-gigi',1,0,'baik','2024-01-08 06:58:33.000000','2024-01-17 12:03:03.762110',NULL),(1326,'YKY INV KEP 01 SIKAT GIGI 04','SIKAT GIGI','sikat-gigi',1,0,'baik','2024-01-08 06:58:33.000000','2024-01-08 06:58:33.000000',NULL),(1327,'YKY INV KEP 01 SIKAT GIGI 05','SIKAT GIGI','sikat-gigi',1,0,'baik','2024-01-08 06:58:33.000000','2024-01-08 06:58:33.000000',NULL),(1328,'YKY INV KEP 01 SIKAT GIGI 06','SIKAT GIGI','sikat-gigi',1,0,'baik','2024-01-08 06:58:33.000000','2024-01-08 06:58:33.000000',NULL),(1329,'YKY INV KEP 01 SIKAT GIGI 07','SIKAT GIGI','sikat-gigi',1,0,'baik','2024-01-08 06:58:33.000000','2024-01-08 06:58:33.000000',NULL),(1330,'YKY INV KEP 01 SIKAT GIGI 08','SIKAT GIGI','sikat-gigi',1,0,'baik','2024-01-08 06:58:33.000000','2024-01-08 06:58:33.000000',NULL),(1331,'YKY INV KEP 01 POTONG KUKU 01','POTONG KUKU','potong-kuku',1,0,'baik','2024-01-08 06:58:33.000000','2024-01-08 06:58:33.000000',NULL),(1332,'YKY INV KEP 01 POTONG KUKU 02','POTONG KUKU','potong-kuku',1,0,'baik','2024-01-08 06:58:33.000000','2024-01-08 06:58:33.000000',NULL),(1333,'YKY INV KEP 01 TENSI JRM 01','TENSIMETER JARUM','tensimeter-jarum',1,0,'baik','2024-01-08 06:58:33.000000','2024-01-08 06:58:33.000000',NULL),(1334,'YKY INV KEP 01 TENSI JRM 02','TENSIMETER JARUM','tensimeter-jarum',1,0,'baik','2024-01-08 06:58:33.000000','2024-01-08 06:58:33.000000',NULL),(1335,'YKY INV KEP 01 TENSI JRM 03','TENSIMETER JARUM','tensimeter-jarum',1,0,'baik','2024-01-08 06:58:33.000000','2024-01-08 06:58:33.000000',NULL),(1336,'YKY INV KEP 01 TENSI DGTL 01','TENSIMETER DIGITAL','tensimeter-digital',1,0,'baik','2024-01-08 06:58:33.000000','2024-01-08 06:58:33.000000',NULL),(1337,'YKY INV KEP 01 TENSI DGTL 02','TENSIMETER DIGITAL','tensimeter-digital',1,0,'baik','2024-01-08 06:58:33.000000','2024-01-08 06:58:33.000000',NULL),(1338,'YKY INV KEP 01 SENDOK MKN 01','SENDOK MAKAN','sendok-makan',1,0,'baik','2024-01-08 06:58:33.000000','2024-01-14 12:01:28.104186',NULL),(1339,'YKY INV KEP 01 SENDOK MKN 02','SENDOK MAKAN','sendok-makan',1,0,'baik','2024-01-08 06:58:33.000000','2024-01-08 06:58:33.000000',NULL),(1340,'YKY INV KEP 01 SENDOK MKN 03','SENDOK MAKAN','sendok-makan',1,0,'baik','2024-01-08 06:58:33.000000','2024-01-08 06:58:33.000000',NULL),(1341,'YKY INV KEP 01 SENDOK MKN 04','SENDOK MAKAN','sendok-makan',1,0,'baik','2024-01-08 06:58:33.000000','2024-01-08 06:58:33.000000',NULL),(1342,'YKY INV KEP 01 SENDOK MKN 05','SENDOK MAKAN','sendok-makan',1,0,'baik','2024-01-08 06:58:33.000000','2024-01-08 06:58:33.000000',NULL),(1343,'YKY INV KEP 01 SENDOK MKN 06','SENDOK MAKAN','sendok-makan',1,0,'baik','2024-01-08 06:58:33.000000','2024-01-08 06:58:33.000000',NULL),(1344,'YKY INV KEP 01 PIRING 01','PIRING','piring',1,0,'baik','2024-01-08 06:58:33.000000','2024-01-08 06:58:33.000000',NULL),(1345,'YKY INV KEP 01 PIRING 02','PIRING','piring',1,0,'baik','2024-01-08 06:58:33.000000','2024-01-08 06:58:33.000000',NULL),(1346,'YKY INV KEP 01 PIRING 03','PIRING','piring',1,0,'baik','2024-01-08 06:58:33.000000','2024-01-08 06:58:33.000000',NULL),(1347,'YKY INV KEP 01 KURSI RODA 01','KURSI RODA','kursi-roda',1,0,'baik','2024-01-08 06:58:33.000000','2024-01-08 06:58:33.000000',NULL),(1348,'YKY INV KEP 01 KURSI RODA 02','KURSI RODA','kursi-roda',1,0,'baik','2024-01-08 06:58:33.000000','2024-01-08 06:58:33.000000',NULL),(1349,'YKY INV KEP 01 KURSI RODA 03','KURSI RODA','kursi-roda',1,0,'baik','2024-01-08 06:58:33.000000','2024-01-08 06:58:33.000000',NULL),(1350,'YKY INV KEP 01 TABUNG 01','TABUNG OKSIGEN','tabung-oksigen',1,0,'baik','2024-01-08 06:58:33.000000','2024-01-08 06:58:33.000000',NULL),(1351,'YKY INV KEP 01 TABUNG 02','TABUNG OKSIGEN','tabung-oksigen',1,0,'baik','2024-01-08 06:58:33.000000','2024-01-08 06:58:33.000000',NULL),(1352,'YKY INV KEP 01 WALKER 01','WALKER','walker',1,0,'baik','2024-01-08 06:58:33.000000','2024-01-08 06:58:33.000000',NULL),(1353,'YKY INV KEP 01 WALKER 02','WALKER','walker',1,0,'baik','2024-01-08 06:58:33.000000','2024-01-08 06:58:33.000000',NULL),(1354,'YKY INV KEP 01 KAKI TIGA 01','KAKI TIGA','kaki-tiga',1,0,'baik','2024-01-08 06:58:33.000000','2024-01-08 06:58:33.000000',NULL),(1355,'YKY INV KEP 01 KAKI TIGA 02','KAKI TIGA','kaki-tiga',1,0,'baik','2024-01-08 06:58:33.000000','2024-01-08 06:58:33.000000',NULL),(1356,'YKY INV KEP 01 METLINE 01','METLINE','metline',1,0,'baik','2024-01-08 06:58:33.000000','2024-01-08 06:58:33.000000',NULL),(1357,'YKY INV KEP 01 METLINE 02','METLINE','metline',1,0,'baik','2024-01-08 06:58:33.000000','2024-01-08 06:58:33.000000',NULL),(1358,'YKY INV KEP 01 METLINE 03','METLINE','metline',1,0,'baik','2024-01-08 06:58:33.000000','2024-01-08 06:58:33.000000',NULL),(1359,'YKY INV KEP 01 METLINE 04','METLINE','metline',1,0,'baik','2024-01-08 06:58:33.000000','2024-01-08 06:58:33.000000',NULL),(1360,'YKY INV KEP 01 NAMPAN BAKI 01','NAMPAN/ BAKI','nampan-baki',1,0,'baik','2024-01-08 06:58:33.000000','2024-01-14 19:14:21.312809',NULL),(1361,'YKY INV KEP 01 NAMPAN 02','NAMPAN/ BAKI','nampan-baki',1,0,'baik','2024-01-08 06:58:33.000000','2024-01-08 06:58:33.000000',NULL),(1362,'YKY INV KEP 01 NAMPAN 03','NAMPAN/ BAKI','nampan-baki',1,0,'baik','2024-01-08 06:58:33.000000','2024-01-08 06:58:33.000000',NULL),(1363,'YKY INV KEP 01 NAMPAN 04','NAMPAN/ BAKI','nampan-baki',1,0,'baik','2024-01-08 06:58:33.000000','2024-01-08 06:58:33.000000',NULL),(1364,'YKY INV KEP 01 NAMPAN MKN 01','NAMPAN MAKAN','nampan-makan',1,0,'baik','2024-01-08 06:58:33.000000','2024-01-08 06:58:33.000000',NULL),(1365,'YKY INV KEP 01 NAMPAN MKN 02','NAMPAN MAKAN','nampan-makan',1,0,'baik','2024-01-08 06:58:33.000000','2024-01-08 06:58:33.000000',NULL),(1366,'YKY INV KEP 01 PIRING PLASTIK 01','PIRING PLASTIK','piring-plastik',1,0,'baik','2024-01-08 06:58:33.000000','2024-01-08 06:58:33.000000',NULL),(1367,'YKY INV KEP 01 PIRING PLASTIK 02','PIRING PLASTIK','piring-plastik',1,0,'baik','2024-01-08 06:58:33.000000','2024-01-08 06:58:33.000000',NULL),(1368,'YKY INV KEP 01 PIRING PLASTIK 03','PIRING PLASTIK','piring-plastik',1,0,'baik','2024-01-08 06:58:33.000000','2024-01-08 06:58:33.000000',NULL),(1369,'YKY INV KEP 01 PIRING PLASTIK 04','PIRING PLASTIK','piring-plastik',1,0,'baik','2024-01-08 06:58:33.000000','2024-01-08 06:58:33.000000',NULL),(1370,'YKY INV KEP 01 PIRING PLASTIK 05','PIRING PLASTIK','piring-plastik',1,0,'baik','2024-01-08 06:58:33.000000','2024-01-08 06:58:33.000000',NULL),(1371,'YKY INV KEP 01 PIRING PLASTIK 06','PIRING PLASTIK','piring-plastik',1,0,'baik','2024-01-08 06:58:33.000000','2024-01-08 06:58:33.000000',NULL),(1372,'YKY INV KEP 01 TIMBANGAN JARUM 01','TIMBANGAN INJAK JARUM','timbangan-injak-jarum',1,0,'baik','2024-01-08 06:58:33.000000','2024-01-08 06:58:33.000000',NULL),(1373,'YKY INV KEP 01 TIMBANGAN JARUM 02','TIMBANGAN INJAK JARUM','timbangan-injak-jarum',1,0,'baik','2024-01-08 06:58:33.000000','2024-01-08 06:58:33.000000',NULL),(1374,'YKY INV KEP 01 TIMBANGAN JARUM 03','TIMBANGAN INJAK JARUM','timbangan-injak-jarum',1,0,'baik','2024-01-08 06:58:33.000000','2024-01-08 06:58:33.000000',NULL),(1375,'YKY INV KEP 01 TIMBANGAN JARUM 04','TIMBANGAN INJAK JARUM','timbangan-injak-jarum',1,0,'baik','2024-01-08 06:58:33.000000','2024-01-08 06:58:33.000000',NULL),(1376,'YKY INV KEP 01 GARPUTALA 01','GARPU TALA','garpu-tala',1,0,'baik','2024-01-08 06:58:33.000000','2024-01-08 06:58:33.000000',NULL),(1377,'YKY INV KEP 01 GARPUTALA 02','GARPU TALA','garpu-tala',1,0,'baik','2024-01-08 06:58:33.000000','2024-01-08 06:58:33.000000',NULL),(1378,'YKY INV KEP 01 GARPUTALA 03','GARPU TALA','garpu-tala',1,0,'baik','2024-01-08 06:58:33.000000','2024-01-08 06:58:33.000000',NULL),(1379,'YKY INV KEP 01 GARPUTALA 04','GARPU TALA','garpu-tala',1,0,'baik','2024-01-08 06:58:33.000000','2024-01-08 06:58:33.000000',NULL),(1380,'YKY INV KEP 01 GARPUTALA 05','GARPU TALA','garpu-tala',1,0,'baik','2024-01-08 06:58:33.000000','2024-01-08 06:58:33.000000',NULL),(1381,'YKY INV KEP 01 GARPUTALA 06','GARPU TALA','garpu-tala',1,0,'baik','2024-01-08 06:58:33.000000','2024-01-08 06:58:33.000000',NULL),(1382,'YKY INV KEP 01 GARPUTALA 07','GARPU TALA','garpu-tala',1,0,'baik','2024-01-08 06:58:33.000000','2024-01-08 06:58:33.000000',NULL),(1383,'YKY INV KEP 01 GARPUTALA 08','GARPU TALA','garpu-tala',1,0,'baik','2024-01-08 06:58:33.000000','2024-01-08 06:58:33.000000',NULL),(1384,'YKY INV KEP 01 GARPUTALA 09','GARPU TALA','garpu-tala',1,0,'baik','2024-01-08 06:58:33.000000','2024-01-08 06:58:33.000000',NULL),(1385,'YKY INV KEP 01 GARPUTALA 10','GARPU TALA','garpu-tala',1,0,'baik','2024-01-08 06:58:33.000000','2024-01-08 06:58:33.000000',NULL),(1386,'YKY INV KEP 01 GARPUTALA 11','GARPU TALA','garpu-tala',1,0,'baik','2024-01-08 06:58:33.000000','2024-01-08 06:58:33.000000',NULL),(1387,'YKY INV KEP 01 GELAS KACA 01','GELAS KACA','gelas-kaca',1,0,'baik','2024-01-08 06:58:33.000000','2024-01-08 06:58:33.000000',NULL),(1388,'YKY INV KEP 01 GELAS KACA 02','GELAS KACA','gelas-kaca',1,0,'baik','2024-01-08 06:58:33.000000','2024-01-08 06:58:33.000000',NULL),(1389,'YKY INV KEP 01 GELAS KACA 03','GELAS KACA','gelas-kaca',1,0,'baik','2024-01-08 06:58:33.000000','2024-01-08 06:58:33.000000',NULL),(1390,'YKY INV KEP 01 GELAS KACA 04','GELAS KACA','gelas-kaca',1,0,'baik','2024-01-08 06:58:33.000000','2024-01-08 06:58:33.000000',NULL),(1391,'YKY INV KEP 01 GELAS KACA 05','GELAS KACA','gelas-kaca',1,0,'baik','2024-01-08 06:58:33.000000','2024-01-08 06:58:33.000000',NULL),(1392,'YKY INV KEP 01 SPATEL 01','SPATEL','spatel',1,0,'baik','2024-01-08 06:58:33.000000','2024-01-08 06:58:33.000000',NULL),(1393,'YKY INV KEP 01 SPATEL 02','SPATEL','spatel',1,0,'baik','2024-01-08 06:58:33.000000','2024-01-08 06:58:33.000000',NULL),(1394,'YKY INV KEP 01 SPATEL 03','SPATEL','spatel',1,0,'baik','2024-01-08 06:58:33.000000','2024-01-08 06:58:33.000000',NULL),(1395,'YKY INV KEP 01 SPATEL 04','SPATEL','spatel',1,0,'baik','2024-01-08 06:58:33.000000','2024-01-08 06:58:33.000000',NULL),(1396,'YKY INV KEP 01 SPATEL 05','SPATEL','spatel',1,0,'baik','2024-01-08 06:58:33.000000','2024-01-08 06:58:33.000000',NULL),(1397,'YKY INV KEP 01 SPATEL 06','SPATEL','spatel',1,0,'baik','2024-01-08 06:58:33.000000','2024-01-08 06:58:33.000000',NULL),(1398,'YKY INV KEP 01 SPATEL 07','SPATEL','spatel',1,0,'baik','2024-01-08 06:58:33.000000','2024-01-08 06:58:33.000000',NULL),(1399,'YKY INV KEP 01 HAMMER 01','HAMMER','hammer',1,0,'baik','2024-01-08 06:58:33.000000','2024-01-08 06:58:33.000000',NULL),(1400,'YKY INV KEP 01 HAMMER 02','HAMMER','hammer',1,0,'baik','2024-01-08 06:58:33.000000','2024-01-08 06:58:33.000000',NULL),(1401,'YKY INV KEP 01 HAMMER 03','HAMMER','hammer',1,0,'baik','2024-01-08 06:58:33.000000','2024-01-08 06:58:33.000000',NULL),(1402,'YKY INV KEP 01 HAMMER 04','HAMMER','hammer',1,0,'baik','2024-01-08 06:58:33.000000','2024-01-08 06:58:33.000000',NULL),(1403,'YKY INV KEP 01 HAMMER 05','HAMMER','hammer',1,0,'baik','2024-01-08 06:58:33.000000','2024-01-08 06:58:33.000000',NULL),(1404,'YKY INV KEP 01 HAMMER 06','HAMMER','hammer',1,0,'baik','2024-01-08 06:58:33.000000','2024-01-08 06:58:33.000000',NULL),(1405,'YKY INV KEP 01 HAMMER 07','HAMMER','hammer',1,0,'baik','2024-01-08 06:58:33.000000','2024-01-08 06:58:33.000000',NULL),(1406,'YKY INV 01 TT  DEWASA 01','TEMPAT TIDUR DEWASA','tempat-tidur-dewasa',1,0,'baik','2024-01-08 06:58:33.000000','2024-01-08 06:58:33.000000',NULL),(1407,'YKY INV 01 TT DEWASA 02','TEMPAT TIDUR DEWASA','tempat-tidur-dewasa',1,0,'baik','2024-01-08 06:58:33.000000','2024-01-08 06:58:33.000000',NULL),(1408,'YKY INV 01 STANDAR INFUS 01','STANDAR INFUS','standar-infus',1,0,'baik','2024-01-08 06:58:33.000000','2024-01-08 06:58:33.000000',NULL),(1409,'YKY INV 01 STANDAR INFUS 02','STANDAR INFUS','standar-infus',1,0,'baik','2024-01-08 06:58:33.000000','2024-01-08 06:58:33.000000',NULL),(1410,'YKY INV 01 STANDAR INFUS 03','STANDAR INFUS','standar-infus',1,0,'baik','2024-01-08 06:58:33.000000','2024-01-08 06:58:33.000000',NULL),(1411,'YKY INV KEP 01 KURSI RODA 3 IN 1 01','KURSI RODA 3 IN 1 SHELLA','kursi-roda-3-in-1-shella',1,0,'baik','2024-01-08 06:58:33.000000','2024-01-08 06:58:33.000000',NULL),(1412,'YKY INV KEP 01 KRUK S 01','KRUK S GEA','kruk-s-gea',1,0,'baik','2024-01-08 06:58:33.000000','2024-01-08 06:58:33.000000',NULL),(1413,'YKY INV KEP 01 KRUK M 01','KRUK M GEA','kruk-m-gea',1,0,'baik','2024-01-08 06:58:33.000000','2024-01-08 06:58:33.000000',NULL),(1414,'YKY INV KEP 01 TIMBANGAN DGTL 01','TIMBANGAN INJAK DIGITAL','timbangan-injak-digital',1,0,'baik','2024-01-08 06:58:33.000000','2024-01-08 06:58:33.000000',NULL),(1415,'YKY INV KEP 01 PHANTOM GIGI 01','PHANTOM GIGI','phantom-gigi',1,0,'baik','2024-01-08 06:58:33.000000','2024-01-08 06:58:33.000000',NULL),(1416,'YKY INV KEP 01 PHANTOM GIGI 02','PHANTOM GIGI','phantom-gigi',1,0,'baik','2024-01-08 06:58:33.000000','2024-01-08 06:58:33.000000',NULL),(1417,'YKY INV KEP 01 PHANTOM GIGI 03','PHANTOM GIGI','phantom-gigi',1,0,'baik','2024-01-08 06:58:33.000000','2024-01-08 06:58:33.000000',NULL),(1418,'YKY INV KEP 01 SPREI 01','SEPRAI','seprai',1,0,'baik','2024-01-08 06:58:33.000000','2024-01-08 06:58:33.000000',NULL),(1419,'YKY INV KEP 01 SPREI 02','SEPRAI','seprai',1,0,'baik','2024-01-08 06:58:33.000000','2024-01-08 06:58:33.000000',NULL),(1420,'YKY INV KEP 01 SPREI 03','SEPRAI','seprai',1,0,'baik','2024-01-08 06:58:33.000000','2024-01-08 06:58:33.000000',NULL),(1421,'YKY INV KEP 01 SPREI 04','SEPRAI','seprai',1,0,'baik','2024-01-08 06:58:33.000000','2024-01-08 06:58:33.000000',NULL),(1422,'YKY INV KEP 01 SPREI 05','SEPRAI','seprai',1,0,'baik','2024-01-08 06:58:33.000000','2024-01-08 06:58:33.000000',NULL),(1423,'YKY INV KEP 01 SPREI 06','SEPRAI','seprai',1,0,'baik','2024-01-08 06:58:33.000000','2024-01-08 06:58:33.000000',NULL),(1424,'YKY INV KEP 01 SPREI 07','SEPRAI','seprai',1,0,'baik','2024-01-08 06:58:33.000000','2024-01-08 06:58:33.000000',NULL),(1425,'YKY INV KEP 01 SPREI 08','SEPRAI','seprai',1,0,'baik','2024-01-08 06:58:33.000000','2024-01-08 06:58:33.000000',NULL),(1426,'YKY INV KEP 01 SPREI 09','SEPRAI','seprai',1,0,'baik','2024-01-08 06:58:33.000000','2024-01-08 06:58:33.000000',NULL),(1427,'YKY INV KEP 01 SPREI 10','SEPRAI','seprai',1,0,'baik','2024-01-08 06:58:33.000000','2024-01-08 06:58:33.000000',NULL),(1428,'YKY INV KEP 01 SPREI 11','SEPRAI','seprai',1,0,'baik','2024-01-08 06:58:33.000000','2024-01-08 06:58:33.000000',NULL),(1429,'YKY INV KEP 01 SPREI 12','SEPRAI','seprai',1,0,'baik','2024-01-08 06:58:33.000000','2024-01-08 06:58:33.000000',NULL),(1430,'YKY INV KEP 01 SPREI 13','SEPRAI','seprai',1,0,'baik','2024-01-08 06:58:33.000000','2024-01-08 06:58:33.000000',NULL),(1431,'YKY INV KEP 01 SPREI 14','SEPRAI','seprai',1,0,'baik','2024-01-08 06:58:33.000000','2024-01-08 06:58:33.000000',NULL),(1432,'YKY INV KEP 01 SPREI 15','SEPRAI','seprai',1,0,'baik','2024-01-08 06:58:33.000000','2024-01-08 06:58:33.000000',NULL),(1433,'YKY INV KEP 01 HANDUK BSR 01','HANDUK BESAR','handuk-besar',1,0,'baik','2024-01-08 06:58:33.000000','2024-01-08 06:58:33.000000',NULL),(1434,'YKY INV KEP 01 HANDUK BSR 02','HANDUK BESAR','handuk-besar',1,0,'baik','2024-01-08 06:58:33.000000','2024-01-08 06:58:33.000000',NULL),(1435,'YKY INV KEP 01 HANDUK BSR 03','HANDUK BESAR','handuk-besar',1,0,'baik','2024-01-08 06:58:33.000000','2024-01-08 06:58:33.000000',NULL),(1436,'YKY INV KEP 01 HANDUK BSR 04','HANDUK BESAR','handuk-besar',1,0,'baik','2024-01-08 06:58:33.000000','2024-01-08 06:58:33.000000',NULL),(1437,'YKY INV KEP 01 HANDUK BSR 05','HANDUK BESAR','handuk-besar',1,0,'baik','2024-01-08 06:58:33.000000','2024-01-08 06:58:33.000000',NULL),(1438,'YKY INV KEP 01 HANDUK BSR 06','HANDUK BESAR','handuk-besar',1,0,'baik','2024-01-08 06:58:33.000000','2024-01-08 06:58:33.000000',NULL),(1439,'YKY INV KEP 01 HANDUK BSR 07','HANDUK BESAR','handuk-besar',1,0,'baik','2024-01-08 06:58:33.000000','2024-01-08 06:58:33.000000',NULL),(1440,'YKY INV KEP 01 HANDUK BSR 08','HANDUK BESAR','handuk-besar',1,0,'baik','2024-01-08 06:58:33.000000','2024-01-08 06:58:33.000000',NULL),(1441,'YKY INV KEP 01 HANDUK KCL 01','HANDUK SEDANG','handuk-sedang',1,0,'baik','2024-01-08 06:58:33.000000','2024-01-08 06:58:33.000000',NULL),(1442,'YKY INV KEP 01 HANDUK KCL 02','HANDUK SEDANG','handuk-sedang',1,0,'baik','2024-01-08 06:58:33.000000','2024-01-08 06:58:33.000000',NULL),(1443,'YKY INV KEP 01 HANDUK KCL 03','HANDUK SEDANG','handuk-sedang',1,0,'baik','2024-01-08 06:58:33.000000','2024-01-08 06:58:33.000000',NULL),(1444,'YKY INV KEP 01 HANDUK KCL 04','HANDUK SEDANG','handuk-sedang',1,0,'baik','2024-01-08 06:58:33.000000','2024-01-08 06:58:33.000000',NULL),(1445,'YKY INV KEP 01 LAP HANDUK 01','LAP HANDUK','lap-handuk',1,0,'baik','2024-01-08 06:58:33.000000','2024-01-08 06:58:33.000000',NULL),(1446,'YKY INV KEP 01 LAP HANDUK 02','LAP HANDUK','lap-handuk',1,0,'baik','2024-01-08 06:58:33.000000','2024-01-08 06:58:33.000000',NULL),(1447,'YKY INV KEP 01 LAP HANDUK 03','LAP HANDUK','lap-handuk',1,0,'baik','2024-01-08 06:58:33.000000','2024-01-08 06:58:33.000000',NULL),(1448,'YKY INV KEP 01 LAP HANDUK 04','LAP HANDUK','lap-handuk',1,0,'baik','2024-01-08 06:58:33.000000','2024-01-08 06:58:33.000000',NULL),(1449,'YKY INV KEP 01 LAP HANDUK 05','LAP HANDUK','lap-handuk',1,0,'baik','2024-01-08 06:58:33.000000','2024-01-08 06:58:33.000000',NULL),(1450,'YKY INV KEP 01 LAP HANDUK 06','LAP HANDUK','lap-handuk',1,0,'baik','2024-01-08 06:58:33.000000','2024-01-08 06:58:33.000000',NULL),(1451,'YKY INV KEP 01 WASLAP 01','WASLAP','waslap',1,0,'baik','2024-01-08 06:58:33.000000','2024-01-08 06:58:33.000000',NULL),(1452,'YKY INV KEP 01 WASLAP 02','WASLAP','waslap',1,0,'baik','2024-01-08 06:58:33.000000','2024-01-08 06:58:33.000000',NULL),(1453,'YKY INV KEP 01 WASLAP 03','WASLAP','waslap',1,0,'baik','2024-01-08 06:58:33.000000','2024-01-08 06:58:33.000000',NULL),(1454,'YKY INV KEP 01 WASLAP 04','WASLAP','waslap',1,0,'baik','2024-01-08 06:58:33.000000','2024-01-08 06:58:33.000000',NULL),(1455,'YKY INV KEP 01 WASLAP 05','WASLAP','waslap',1,0,'baik','2024-01-08 06:58:33.000000','2024-01-08 06:58:33.000000',NULL),(1456,'YKY INV KEP 01 WASLAP 06','WASLAP','waslap',1,0,'baik','2024-01-08 06:58:33.000000','2024-01-08 06:58:33.000000',NULL),(1457,'YKY INV KEP 01 WASLAP 07','WASLAP','waslap',1,0,'baik','2024-01-08 06:58:33.000000','2024-01-08 06:58:33.000000',NULL),(1458,'YKY INV KEP 01 SARUNG GLG 01','SARUNG GULING','sarung-guling',1,0,'baik','2024-01-08 06:58:33.000000','2024-01-08 06:58:33.000000',NULL),(1459,'YKY INV KEP 01 SARUNG GLG 02','SARUNG GULING','sarung-guling',1,0,'baik','2024-01-08 06:58:33.000000','2024-01-08 06:58:33.000000',NULL),(1460,'YKY INV KEP 01 SARUNG GLG 03','SARUNG GULING','sarung-guling',1,0,'baik','2024-01-08 06:58:33.000000','2024-01-08 06:58:33.000000',NULL),(1461,'YKY INV KEP 01 SARUNG GLG 04','SARUNG GULING','sarung-guling',1,0,'baik','2024-01-08 06:58:33.000000','2024-01-08 06:58:33.000000',NULL),(1462,'YKY INV KEP 01 SARUNG GLG 05','SARUNG GULING','sarung-guling',1,0,'baik','2024-01-08 06:58:33.000000','2024-01-08 06:58:33.000000',NULL),(1463,'YKY INV KEP 01 SARUNG GLG 06','SARUNG GULING','sarung-guling',1,0,'baik','2024-01-08 06:58:33.000000','2024-01-08 06:58:33.000000',NULL),(1464,'YKY INV KEP 01 SARUNG GLG 07','SARUNG GULING','sarung-guling',1,0,'baik','2024-01-08 06:58:33.000000','2024-01-08 06:58:33.000000',NULL),(1465,'YKY INV KEP 01 SARUNG GLG 08','SARUNG GULING','sarung-guling',1,0,'baik','2024-01-08 06:58:33.000000','2024-01-08 06:58:33.000000',NULL),(1466,'YKY INV KEP 01 SARUNG GLG 09','SARUNG GULING','sarung-guling',1,0,'baik','2024-01-08 06:58:33.000000','2024-01-08 06:58:33.000000',NULL),(1467,'YKY INV KEP 01 SARUNG GLG 10','SARUNG GULING','sarung-guling',1,0,'baik','2024-01-08 06:58:33.000000','2024-01-08 06:58:33.000000',NULL),(1468,'YKY INV KEP 01 SARUNG GLG 11','SARUNG GULING','sarung-guling',1,0,'baik','2024-01-08 06:58:33.000000','2024-01-08 06:58:33.000000',NULL),(1469,'YKY INV KEP 01 SARUNG GLG 12','SARUNG GULING','sarung-guling',1,0,'baik','2024-01-08 06:58:33.000000','2024-01-08 06:58:33.000000',NULL),(1470,'YKY INV KEP 01 SARUNG GLG 13','SARUNG GULING','sarung-guling',1,0,'baik','2024-01-08 06:58:33.000000','2024-01-08 06:58:33.000000',NULL),(1471,'YKY INV KEP 01 SARUNG GLG 14','SARUNG GULING','sarung-guling',1,0,'baik','2024-01-08 06:58:33.000000','2024-01-08 06:58:33.000000',NULL),(1472,'YKY INV KEP 01 SARUNG GLG 15','SARUNG GULING','sarung-guling',1,0,'baik','2024-01-08 06:58:33.000000','2024-01-08 06:58:33.000000',NULL),(1473,'YKY INV KEP 01 SARUNG GLG 16','SARUNG GULING','sarung-guling',1,0,'baik','2024-01-08 06:58:33.000000','2024-01-08 06:58:33.000000',NULL),(1474,'YKY INV KEP 01 SARUNG GLG 17','SARUNG GULING','sarung-guling',1,0,'baik','2024-01-08 06:58:33.000000','2024-01-08 06:58:33.000000',NULL),(1475,'YKY INV KEP 01 SARUNG GLG 18','SARUNG GULING','sarung-guling',1,0,'baik','2024-01-08 06:58:33.000000','2024-01-08 06:58:33.000000',NULL),(1476,'YKY INV KEP 01 SARUNG GLG 19','SARUNG GULING','sarung-guling',1,0,'baik','2024-01-08 06:58:33.000000','2024-01-08 06:58:33.000000',NULL),(1477,'YKY INV KEP 01 SARUNG GLG 20','SARUNG GULING','sarung-guling',1,0,'baik','2024-01-08 06:58:33.000000','2024-01-08 06:58:33.000000',NULL),(1478,'YKY INV KEP 01 SARUNG GLG 21','SARUNG GULING','sarung-guling',1,0,'baik','2024-01-08 06:58:33.000000','2024-01-08 06:58:33.000000',NULL),(1479,'YKY INV KEP 01 SARUNG GLG 22','SARUNG GULING','sarung-guling',1,0,'baik','2024-01-08 06:58:33.000000','2024-01-08 06:58:33.000000',NULL),(1480,'YKY INV KEP 01 SARUNG GLG 23','SARUNG GULING','sarung-guling',1,0,'baik','2024-01-08 06:58:33.000000','2024-01-08 06:58:33.000000',NULL),(1481,'YKY INV KEP 01 SARUNG GLG 24','SARUNG GULING','sarung-guling',1,0,'baik','2024-01-08 06:58:33.000000','2024-01-08 06:58:33.000000',NULL),(1482,'YKY INV KEP 01 SELIMUT GARIS 01','SELIMUT GARIS','selimut-garis',1,0,'baik','2024-01-08 06:58:33.000000','2024-01-08 06:58:33.000000',NULL),(1483,'YKY INV KEP 01 SELIMUT GARIS 02','SELIMUT GARIS','selimut-garis',1,0,'baik','2024-01-08 06:58:33.000000','2024-01-08 06:58:33.000000',NULL),(1484,'YKY INV KEP 01 SELIMUT GARIS 03','SELIMUT GARIS','selimut-garis',1,0,'baik','2024-01-08 06:58:33.000000','2024-01-08 06:58:33.000000',NULL),(1485,'YKY INV KEP 01 SELIMUT GARIS 04','SELIMUT GARIS','selimut-garis',1,0,'baik','2024-01-08 06:58:33.000000','2024-01-08 06:58:33.000000',NULL),(1486,'YKY INV KEP 01 SELIMUT GARIS 05','SELIMUT GARIS','selimut-garis',1,0,'baik','2024-01-08 06:58:33.000000','2024-01-08 06:58:33.000000',NULL),(1487,'YKY INV KEP 01 SELIMUT GARIS 06','SELIMUT GARIS','selimut-garis',1,0,'baik','2024-01-08 06:58:33.000000','2024-01-08 06:58:33.000000',NULL),(1488,'YKY INV KEP 01 SELIMUT GARIS 07','SELIMUT GARIS','selimut-garis',1,0,'baik','2024-01-08 06:58:33.000000','2024-01-08 06:58:33.000000',NULL),(1489,'YKY INV KEP 01 SELIMUT GARIS 08','SELIMUT GARIS','selimut-garis',1,0,'baik','2024-01-08 06:58:33.000000','2024-01-08 06:58:33.000000',NULL),(1490,'YKY INV KEP 01 SELIMUT GARIS 09','SELIMUT GARIS','selimut-garis',1,0,'baik','2024-01-08 06:58:33.000000','2024-01-08 06:58:33.000000',NULL),(1491,'YKY INV KEP 01 SELIMUT GARIS 10','SELIMUT GARIS','selimut-garis',1,0,'baik','2024-01-08 06:58:33.000000','2024-01-08 06:58:33.000000',NULL),(1492,'YKY INV KEP 01 SELIMUT GARIS 11','SELIMUT GARIS','selimut-garis',1,0,'baik','2024-01-08 06:58:33.000000','2024-01-08 06:58:33.000000',NULL),(1493,'YKY INV KEP 01 SELIMUT GARIS 12','SELIMUT GARIS','selimut-garis',1,0,'baik','2024-01-08 06:58:33.000000','2024-01-08 06:58:33.000000',NULL),(1494,'YKY INV KEP 01 SELIMUT GARIS 13','SELIMUT GARIS','selimut-garis',1,0,'baik','2024-01-08 06:58:33.000000','2024-01-08 06:58:33.000000',NULL),(1495,'YKY INV KEP 01 SELIMUT GARIS 14','SELIMUT GARIS','selimut-garis',1,0,'baik','2024-01-08 06:58:33.000000','2024-01-08 06:58:33.000000',NULL),(1496,'YKY INV KEP 01 SELIMUT GARIS 15','SELIMUT GARIS','selimut-garis',1,0,'baik','2024-01-08 06:58:34.000000','2024-01-08 06:58:34.000000',NULL),(1497,'YKY INV KEP 01 SELIMUT GARIS 16','SELIMUT GARIS','selimut-garis',1,0,'baik','2024-01-08 06:58:34.000000','2024-01-08 06:58:34.000000',NULL),(1498,'YKY INV KEP 01 SELIMUT GARIS 17','SELIMUT GARIS','selimut-garis',1,0,'baik','2024-01-08 06:58:34.000000','2024-01-08 06:58:34.000000',NULL),(1499,'YKY INV KEP 01 SELIMUT GARIS 18','SELIMUT GARIS','selimut-garis',1,0,'baik','2024-01-08 06:58:34.000000','2024-01-08 06:58:34.000000',NULL),(1500,'YKY INV KEP 01 SELIMUT GARIS 19','SELIMUT GARIS','selimut-garis',1,0,'baik','2024-01-08 06:58:34.000000','2024-01-08 06:58:34.000000',NULL),(1501,'YKY INV KEP 01 SELIMUT GARIS 20','SELIMUT GARIS','selimut-garis',1,0,'baik','2024-01-08 06:58:34.000000','2024-01-08 06:58:34.000000',NULL),(1502,'YKY INV KEP 01 SELIMUT GARIS 21','SELIMUT GARIS','selimut-garis',1,0,'baik','2024-01-08 06:58:34.000000','2024-01-08 06:58:34.000000',NULL),(1503,'YKY INV KEP 01 SELIMUT GARIS 22','SELIMUT GARIS','selimut-garis',1,0,'baik','2024-01-08 06:58:34.000000','2024-01-08 06:58:34.000000',NULL),(1504,'YKY INV KEP 01 SELIMUT GARIS 23','SELIMUT GARIS','selimut-garis',1,0,'baik','2024-01-08 06:58:34.000000','2024-01-08 06:58:34.000000',NULL),(1505,'YKY INV KEP 01 SELIMUT GARIS 24','SELIMUT GARIS','selimut-garis',1,0,'baik','2024-01-08 06:58:34.000000','2024-01-08 06:58:34.000000',NULL),(1506,'YKY INV KEP 01 SARUNG BTL 01','SARUNG BANTAL','sarung-bantal',1,0,'baik','2024-01-08 06:58:34.000000','2024-01-17 12:03:53.247743',NULL),(1507,'YKY INV KEP 01 SARUNG BTL 02','SARUNG BANTAL','sarung-bantal',1,0,'baik','2024-01-08 06:58:34.000000','2024-01-08 06:58:34.000000',NULL),(1508,'YKY INV KEP 01 SARUNG BTL 03','SARUNG BANTAL','sarung-bantal',1,0,'baik','2024-01-08 06:58:34.000000','2024-01-08 06:58:34.000000',NULL),(1509,'YKY INV KEP 01 SARUNG BTL 04','SARUNG BANTAL','sarung-bantal',1,0,'baik','2024-01-08 06:58:34.000000','2024-01-08 06:58:34.000000',NULL),(1510,'YKY INV KEP 01 SARUNG BTL 05','SARUNG BANTAL','sarung-bantal',1,0,'baik','2024-01-08 06:58:34.000000','2024-01-08 06:58:34.000000',NULL),(1511,'YKY INV KEP 01 SARUNG BTL 06','SARUNG BANTAL','sarung-bantal',1,0,'baik','2024-01-08 06:58:34.000000','2024-01-08 06:58:34.000000',NULL),(1512,'YKY INV KEP 01 SARUNG BTL 07','SARUNG BANTAL','sarung-bantal',1,0,'baik','2024-01-08 06:58:34.000000','2024-01-08 06:58:34.000000',NULL),(1513,'YKY INV KEP 01 SARUNG BTL 08','SARUNG BANTAL','sarung-bantal',1,0,'baik','2024-01-08 06:58:34.000000','2024-01-08 06:58:34.000000',NULL),(1514,'YKY INV KEP 01 SARUNG BTL 09','SARUNG BANTAL','sarung-bantal',1,0,'baik','2024-01-08 06:58:34.000000','2024-01-08 06:58:34.000000',NULL),(1515,'YKY INV KEP 01 SARUNG BTL 10','SARUNG BANTAL','sarung-bantal',1,0,'baik','2024-01-08 06:58:34.000000','2024-01-08 06:58:34.000000',NULL),(1516,'YKY INV KEP 01 SARUNG BTL 11','SARUNG BANTAL','sarung-bantal',1,0,'baik','2024-01-08 06:58:34.000000','2024-01-08 06:58:34.000000',NULL),(1517,'YKY INV KEP 01 SARUNG BTL 12','SARUNG BANTAL','sarung-bantal',1,0,'baik','2024-01-08 06:58:34.000000','2024-01-08 06:58:34.000000',NULL),(1518,'YKY INV KEP 01 SARUNG BTL 13','SARUNG BANTAL','sarung-bantal',1,0,'baik','2024-01-08 06:58:34.000000','2024-01-08 06:58:34.000000',NULL),(1519,'YKY INV KEP 01 SARUNG BTL 14','SARUNG BANTAL','sarung-bantal',1,0,'baik','2024-01-08 06:58:34.000000','2024-01-08 06:58:34.000000',NULL),(1520,'YKY INV KEP 01 SARUNG BTL 15','SARUNG BANTAL','sarung-bantal',1,0,'baik','2024-01-08 06:58:34.000000','2024-01-08 06:58:34.000000',NULL),(1521,'YKY INV KEP 01 SARUNG BTL 16','SARUNG BANTAL','sarung-bantal',1,0,'baik','2024-01-08 06:58:34.000000','2024-01-08 06:58:34.000000',NULL),(1522,'YKY INV KEP 01 SARUNG BTL 17','SARUNG BANTAL','sarung-bantal',1,0,'baik','2024-01-08 06:58:34.000000','2024-01-08 06:58:34.000000',NULL),(1523,'YKY INV KEP 01 SARUNG BTL 18','SARUNG BANTAL','sarung-bantal',1,0,'baik','2024-01-08 06:58:34.000000','2024-01-08 06:58:34.000000',NULL),(1524,'YKY INV KEP 01 SARUNG BTL 19','SARUNG BANTAL','sarung-bantal',1,0,'baik','2024-01-08 06:58:34.000000','2024-01-08 06:58:34.000000',NULL),(1525,'YKY INV KEP 01 SARUNG BTL 20','SARUNG BANTAL','sarung-bantal',1,0,'baik','2024-01-08 06:58:34.000000','2024-01-08 06:58:34.000000',NULL),(1526,'YKY INV KEP 01 SARUNG BTL 21','SARUNG BANTAL','sarung-bantal',1,0,'baik','2024-01-08 06:58:34.000000','2024-01-08 06:58:34.000000',NULL),(1527,'YKY INV KEP 01 SARUNG BTL 22','SARUNG BANTAL','sarung-bantal',1,0,'baik','2024-01-08 06:58:34.000000','2024-01-08 06:58:34.000000',NULL),(1528,'YKY INV KEP 01 STIK LAKEN 01','STIK LAKEN','stik-laken',1,0,'baik','2024-01-08 06:58:34.000000','2024-01-08 06:58:34.000000',NULL),(1529,'YKY INV KEP 01 STIK LAKEN 02','STIK LAKEN','stik-laken',1,0,'baik','2024-01-08 06:58:34.000000','2024-01-08 06:58:34.000000',NULL),(1530,'YKY INV KEP 01 STIK LAKEN 03','STIK LAKEN','stik-laken',1,0,'baik','2024-01-08 06:58:34.000000','2024-01-08 06:58:34.000000',NULL),(1531,'YKY INV KEP 01 STIK LAKEN 04','STIK LAKEN','stik-laken',1,0,'baik','2024-01-08 06:58:34.000000','2024-01-08 06:58:34.000000',NULL),(1532,'YKY INV KEP 01 STIK LAKEN 05','STIK LAKEN','stik-laken',1,0,'baik','2024-01-08 06:58:34.000000','2024-01-08 06:58:34.000000',NULL),(1533,'YKY INV KEP 01 STIK LAKEN 06','STIK LAKEN','stik-laken',1,0,'baik','2024-01-08 06:58:34.000000','2024-01-08 06:58:34.000000',NULL),(1534,'YKY INV KEP 01 STIK LAKEN 07','STIK LAKEN','stik-laken',1,0,'baik','2024-01-08 06:58:34.000000','2024-01-08 06:58:34.000000',NULL),(1535,'YKY INV KEP 01 STIK LAKEN 08','STIK LAKEN','stik-laken',1,0,'baik','2024-01-08 06:58:34.000000','2024-01-08 06:58:34.000000',NULL),(1536,'YKY INV KEP 01 STIK LAKEN 09','STIK LAKEN','stik-laken',1,0,'baik','2024-01-08 06:58:34.000000','2024-01-08 06:58:34.000000',NULL),(1537,'YKY INV KEP 01 STIK LAKEN 10','STIK LAKEN','stik-laken',1,0,'baik','2024-01-08 06:58:34.000000','2024-01-08 06:58:34.000000',NULL),(1538,'YKY INV KEP 01 STIK LAKEN 11','STIK LAKEN','stik-laken',1,0,'baik','2024-01-08 06:58:34.000000','2024-01-08 06:58:34.000000',NULL),(1539,'YKY INV KEP 01 STIK LAKEN 12','STIK LAKEN','stik-laken',1,0,'baik','2024-01-08 06:58:34.000000','2024-01-08 06:58:34.000000',NULL),(1540,'YKY INV KEP 01 STIK LAKEN 13','STIK LAKEN','stik-laken',1,0,'baik','2024-01-08 06:58:34.000000','2024-01-08 06:58:34.000000',NULL),(1541,'YKY INV KEP 01 STIK LAKEN 14','STIK LAKEN','stik-laken',1,0,'baik','2024-01-08 06:58:34.000000','2024-01-08 06:58:34.000000',NULL),(1542,'YKY INV KEP 01 STIK LAKEN 15','STIK LAKEN','stik-laken',1,0,'baik','2024-01-08 06:58:34.000000','2024-01-08 06:58:34.000000',NULL),(1543,'YKY INV KEP 01 STIK LAKEN 16','STIK LAKEN','stik-laken',1,0,'baik','2024-01-08 06:58:34.000000','2024-01-08 06:58:34.000000',NULL),(1544,'YKY INV KEP 01 STIK LAKEN 17','STIK LAKEN','stik-laken',1,0,'baik','2024-01-08 06:58:34.000000','2024-01-08 06:58:34.000000',NULL),(1545,'YKY INV KEP 01 STIK LAKEN 18','STIK LAKEN','stik-laken',1,0,'baik','2024-01-08 06:58:34.000000','2024-01-08 06:58:34.000000',NULL),(1546,'YKY INV KEP 01 STIK LAKEN 19','STIK LAKEN','stik-laken',1,0,'baik','2024-01-08 06:58:34.000000','2024-01-08 06:58:34.000000',NULL),(1547,'YKY INV KEP 01 STIK LAKEN 20','STIK LAKEN','stik-laken',1,0,'baik','2024-01-08 06:58:34.000000','2024-01-08 06:58:34.000000',NULL),(1548,'YKY INV KEP 01 STIK LAKEN 21','STIK LAKEN','stik-laken',1,0,'baik','2024-01-08 06:58:34.000000','2024-01-08 06:58:34.000000',NULL),(1549,'YKY INV KEP 01 STIK LAKEN 22','STIK LAKEN','stik-laken',1,0,'baik','2024-01-08 06:58:34.000000','2024-01-08 06:58:34.000000',NULL);
/*!40000 ALTER TABLE `tbl_barang` ENABLE KEYS */;
UNLOCK TABLES;
COMMIT;

-- Dumped table `tbl_barang` with 290 row(s)
--

--
-- Table structure for table `tbl_dosen_tendik`
--

/*!40101 SET @saved_cs_client     = @@character_set_client */;
/*!40101 SET character_set_client = utf8 */;
CREATE TABLE `tbl_dosen_tendik` (
  `id` int(5) NOT NULL AUTO_INCREMENT,
  `nik` varchar(15) NOT NULL,
  `nama_lengkap` varchar(255) NOT NULL,
  `jabatan` varchar(255) NOT NULL,
  PRIMARY KEY (`id`)
) ENGINE=InnoDB AUTO_INCREMENT=31 DEFAULT CHARSET=utf8mb4 COLLATE=utf8mb4_general_ci;
/*!40101 SET character_set_client = @saved_cs_client */;

--
-- Dumping data for table `tbl_dosen_tendik`
--

LOCK TABLES `tbl_dosen_tendik` WRITE;
/*!40000 ALTER TABLE `tbl_dosen_tendik` DISABLE KEYS */;
SET autocommit=0;
INSERT INTO `tbl_dosen_tendik` VALUES (2,'1141 96 012','Agus Suprapcaya','Tenaga Kependidikan'),(3,'1141 98 027','Dwi Juwartini, SKM., MPH','Tenaga Kependidikan'),(4,'1141 99 032','Eddy Murtoyo, S.Kep.Ns.,M.Kep','Dosen'),(5,'1141 99 033','Dewi Murdiyanti P.P., M.Kep.Ns.,Sp.Kep.M.B ','Dosen'),(6,'1141 99 035','Dwi Wulan Minarsih, S.Kep.Ns.,M.Kep ','Dosen'),(7,'1141 99 036','Sri Sutanti Lestari','Tenaga Kependidikan'),(8,'1141 01 037','Pardiyono ','Tenaga Kependidikan'),(9,'1141 03 052','Tri Arini, S.Kep.Ns.,M.Kep ','Dosen'),(10,'1141 08 144','Giarto, SE ','Tenaga Kependidikan'),(11,'1141 10 151','Tenang Aristina, S.Kep.Ns.,M.Kep ','Dosen'),(12,'1141 10 152','Pairin ','Tenaga Kependidikan'),(13,'1141 10 155','Rahmita Nuril Amalia, , S.Kep.Ns.,M.Kep ','Dosen'),(14,'1141 11 159','Venny Diana, S.Kep.Ns.,M.Kep ','Dosen'),(15,'1141 11 160','Yayang Harigustian, S.Kep.Ns.,M.Kep ','Dosen'),(16,'1141 12 161','Dewi Kusumaningtyas, S.Kep.Ns.,M.Kep ','Dosen'),(17,'1141 12 164','Wahyu Budi Kriswanto ','Tenaga Kependidikan'),(18,'1141 13 165','Nunung Rachmawati, S.Kep.Ns.,M.Kep ','Dosen'),(19,'1141 13 167','Aris Setya Budi ','Tenaga Kependidikan'),(20,'1141 14 169','Fadly Ode Abiyoga, A.Md ','Tenaga Kependidikan'),(21,'1141 15 170','Agita Diah Purwaningrum, A.Md.Sek','Tenaga Kependidikan'),(22,'1141 15 171','Riza Dwi Nur Annisa, A.Md.Kep ','Tenaga Kependidikan'),(23,'1141 15 172','Riska Diah Anggraini, A.Md.Kep ','Tenaga Kependidikan'),(24,'1141 16 175','Rahmaddika Saputra, S.Kom ','Tenaga Kependidikan'),(25,'1141 17 179','Teguh Wahyu Slamet','Tenaga Kependidikan'),(26,'1141 23 181','Faisal Sangadji, S.Kep.Ns.,M.Kep ','Dosen'),(27,'1141 23 182','Kristianti Setiadewi, SIP ','Tenaga Kependidikan'),(28,'1141 23 183','Nintya Vela Kusumaningrum, A.Md.Kep','Tenaga Kependidikan'),(29,'1141 23 184','Evana Indriani, A.Md.Kep ','Tenaga Kependidikan');
/*!40000 ALTER TABLE `tbl_dosen_tendik` ENABLE KEYS */;
UNLOCK TABLES;
COMMIT;

-- Dumped table `tbl_dosen_tendik` with 28 row(s)
--

--
-- Table structure for table `tbl_mhs`
--

/*!40101 SET @saved_cs_client     = @@character_set_client */;
/*!40101 SET character_set_client = utf8 */;
CREATE TABLE `tbl_mhs` (
  `id` int(5) NOT NULL AUTO_INCREMENT,
  `nim` int(15) NOT NULL,
  `nama_lengkap` varchar(255) NOT NULL,
  `created_at` datetime(6) DEFAULT current_timestamp(6),
  `updated_at` timestamp(6) NULL DEFAULT current_timestamp(6) ON UPDATE current_timestamp(6),
  `deleted_at` datetime(6) DEFAULT NULL,
  PRIMARY KEY (`id`)
) ENGINE=InnoDB AUTO_INCREMENT=474 DEFAULT CHARSET=utf8mb4 COLLATE=utf8mb4_general_ci;
/*!40101 SET character_set_client = @saved_cs_client */;

--
-- Dumping data for table `tbl_mhs`
--

LOCK TABLES `tbl_mhs` WRITE;
/*!40000 ALTER TABLE `tbl_mhs` DISABLE KEYS */;
SET autocommit=0;
INSERT INTO `tbl_mhs` VALUES (246,120001,'Agus Setiawan','2024-01-06 17:38:45.000000','2024-01-07 06:40:01.000000','2024-01-07 13:40:01.000000'),(247,120002,'Budi Santoso','2024-01-06 17:38:45.000000','2024-01-15 03:43:14.000000','2024-01-15 10:43:14.000000'),(248,120003,'Citra Dewi','2024-01-06 17:38:45.000000','2024-01-15 03:43:14.000000','2024-01-15 10:43:14.000000'),(249,120004,'Dian Kurniawan','2024-01-06 17:38:45.000000','2024-01-15 03:43:14.000000','2024-01-15 10:43:14.000000'),(250,120005,'Eka Prasetyo','2024-01-06 17:38:45.000000','2024-01-15 03:43:14.000000','2024-01-15 10:43:14.000000'),(251,120006,'Fani Ramadhani','2024-01-06 17:38:45.000000','2024-01-15 03:43:14.000000','2024-01-15 10:43:14.000000'),(252,120007,'Galih Permana','2024-01-06 17:38:45.000000','2024-01-15 03:43:14.000000','2024-01-15 10:43:14.000000'),(253,120008,'Hani Fitriani','2024-01-06 17:38:45.000000','2024-01-15 03:43:14.000000','2024-01-15 10:43:14.000000'),(254,120009,'Irfan Hakim','2024-01-06 17:38:45.000000','2024-01-15 03:43:14.000000','2024-01-15 10:43:14.000000'),(255,120010,'Jihan Maulida','2024-01-06 17:38:45.000000','2024-01-15 03:43:14.000000','2024-01-15 10:43:14.000000'),(256,120011,'Kurnia Dewi','2024-01-06 17:38:45.000000','2024-01-15 03:43:14.000000','2024-01-15 10:43:14.000000'),(257,120012,'Lukman Hakim','2024-01-06 17:38:45.000000','2024-01-15 03:43:19.000000','2024-01-15 10:43:19.000000'),(258,120013,'Mira Astuti','2024-01-06 17:38:45.000000','2024-01-15 03:43:19.000000','2024-01-15 10:43:19.000000'),(259,120014,'Nanda Pratama','2024-01-06 17:38:45.000000','2024-01-15 03:43:19.000000','2024-01-15 10:43:19.000000'),(260,120015,'Oktavia Sari','2024-01-06 17:38:45.000000','2024-01-15 03:43:19.000000','2024-01-15 10:43:19.000000'),(261,120016,'Putra Wijaya','2024-01-06 17:38:45.000000','2024-01-15 03:43:19.000000','2024-01-15 10:43:19.000000'),(262,120017,'Qori Hidayat','2024-01-06 17:38:45.000000','2024-01-15 03:43:19.000000','2024-01-15 10:43:19.000000'),(263,120018,'Rani Permata','2024-01-06 17:38:45.000000','2024-01-15 03:43:19.000000','2024-01-15 10:43:19.000000'),(264,120019,'Surya Putra','2024-01-06 17:38:45.000000','2024-01-15 03:43:19.000000','2024-01-15 10:43:19.000000'),(265,120020,'Tika Anggraini','2024-01-06 17:38:45.000000','2024-01-15 03:43:19.000000','2024-01-15 10:43:19.000000'),(266,120021,'Umar Abdullah','2024-01-06 17:38:45.000000','2024-01-15 03:43:19.000000','2024-01-15 10:43:19.000000'),(267,120022,'Vina Kartika','2024-01-06 17:38:45.000000','2024-01-15 03:43:24.000000','2024-01-15 10:43:24.000000'),(268,120023,'Wahyu Kusuma','2024-01-06 17:38:45.000000','2024-01-15 03:43:24.000000','2024-01-15 10:43:24.000000'),(269,120024,'Xaverius Hartono','2024-01-06 17:38:45.000000','2024-01-15 03:43:24.000000','2024-01-15 10:43:24.000000'),(270,120025,'Yanti Sari','2024-01-06 17:38:45.000000','2024-01-15 03:43:24.000000','2024-01-15 10:43:24.000000'),(271,120026,'Zainal Abidin','2024-01-06 17:38:45.000000','2024-01-15 03:43:24.000000','2024-01-15 10:43:24.000000'),(272,120027,'Wulan Sari','2024-01-06 17:38:45.000000','2024-01-15 03:43:24.000000','2024-01-15 10:43:24.000000'),(273,120028,'Xavier Fauzi','2024-01-06 17:38:45.000000','2024-01-15 03:43:24.000000','2024-01-15 10:43:24.000000'),(274,120029,'Yoga Pratama','2024-01-06 17:38:45.000000','2024-01-15 03:43:24.000000','2024-01-15 10:43:24.000000'),(275,120030,'Zahra Indah','2024-01-06 17:38:46.000000','2024-01-15 03:43:24.000000','2024-01-15 10:43:24.000000'),(276,120031,'Wahyu Kusuma','2024-01-06 17:38:46.000000','2024-01-15 03:43:24.000000','2024-01-15 10:43:24.000000'),(277,120032,'Vina Kartika','2024-01-06 17:38:46.000000','2024-01-15 03:43:29.000000','2024-01-15 10:43:29.000000'),(278,120033,'Umar Abdullah','2024-01-06 17:38:46.000000','2024-01-15 03:43:29.000000','2024-01-15 10:43:29.000000'),(279,120034,'Tika Anggraini','2024-01-06 17:38:46.000000','2024-01-15 03:43:29.000000','2024-01-15 10:43:29.000000'),(280,120035,'Surya Putra','2024-01-06 17:38:46.000000','2024-01-15 03:43:29.000000','2024-01-15 10:43:29.000000'),(281,120036,'Rani Permata','2024-01-06 17:38:46.000000','2024-01-15 03:43:29.000000','2024-01-15 10:43:29.000000'),(282,120037,'Qori Hidayat','2024-01-06 17:38:46.000000','2024-01-15 03:43:29.000000','2024-01-15 10:43:29.000000'),(283,120038,'Putra Wijaya','2024-01-06 17:38:46.000000','2024-01-15 03:43:29.000000','2024-01-15 10:43:29.000000'),(284,120039,'Oktavia Sari','2024-01-06 17:38:46.000000','2024-01-15 03:43:29.000000','2024-01-15 10:43:29.000000'),(285,120040,'Nanda Pratama','2024-01-06 17:38:46.000000','2024-01-15 03:43:29.000000','2024-01-15 10:43:29.000000'),(286,120041,'Mira Astuti','2024-01-06 17:38:46.000000','2024-01-15 03:43:29.000000','2024-01-15 10:43:29.000000'),(287,120042,'Lukman Hakim','2024-01-06 17:38:46.000000','2024-01-15 03:43:35.000000','2024-01-15 10:43:35.000000'),(288,120043,'Kurnia Dewi','2024-01-06 17:38:46.000000','2024-01-15 03:43:35.000000','2024-01-15 10:43:35.000000'),(289,120044,'Jihan Maulida','2024-01-06 17:38:46.000000','2024-01-15 03:43:35.000000','2024-01-15 10:43:35.000000'),(290,120045,'Irfan Hakim','2024-01-06 17:38:46.000000','2024-01-15 03:43:35.000000','2024-01-15 10:43:35.000000'),(291,120046,'Hani Fitriani','2024-01-06 17:38:46.000000','2024-01-15 03:43:35.000000','2024-01-15 10:43:35.000000'),(292,120047,'Galih Permana','2024-01-06 17:38:46.000000','2024-01-15 03:43:35.000000','2024-01-15 10:43:35.000000'),(293,120048,'Fani Ramadhani','2024-01-06 17:38:46.000000','2024-01-15 03:43:35.000000','2024-01-15 10:43:35.000000'),(294,120049,'Eka Prasetyo','2024-01-06 17:38:46.000000','2024-01-15 03:43:35.000000','2024-01-15 10:43:35.000000'),(295,120050,'Dian Kurniawan','2024-01-06 17:38:46.000000','2024-01-15 03:43:35.000000','2024-01-15 10:43:35.000000'),(296,120051,'Citra Dewi','2024-01-06 17:38:46.000000','2024-01-15 03:43:35.000000','2024-01-15 10:43:35.000000'),(297,120052,'Budi Santoso','2024-01-06 17:38:46.000000','2024-01-15 03:43:42.000000','2024-01-15 10:43:42.000000'),(298,120053,'Agus Setiawan','2024-01-06 17:38:46.000000','2024-01-15 03:43:42.000000','2024-01-15 10:43:42.000000'),(299,120054,'Aulia Putri','2024-01-06 17:38:46.000000','2024-01-15 03:43:42.000000','2024-01-15 10:43:42.000000'),(300,120055,'Bambang Setiawan','2024-01-06 17:38:46.000000','2024-01-15 03:43:42.000000','2024-01-15 10:43:42.000000'),(301,120056,'Cindy Wijaya','2024-01-06 17:38:46.000000','2024-01-15 03:43:42.000000','2024-01-15 10:43:42.000000'),(302,120057,'Dika Pratama','2024-01-06 17:38:46.000000','2024-01-15 03:43:42.000000','2024-01-15 10:43:42.000000'),(303,120058,'Erika Rahmawati','2024-01-06 17:38:46.000000','2024-01-15 03:43:42.000000','2024-01-15 10:43:42.000000'),(304,120059,'Fajar Surya','2024-01-06 17:38:46.000000','2024-01-15 03:43:42.000000','2024-01-15 10:43:42.000000'),(305,120060,'Gita Purnama','2024-01-06 17:38:46.000000','2024-01-15 03:43:42.000000','2024-01-15 10:43:42.000000'),(306,120061,'Hendra Gunawan','2024-01-06 17:38:46.000000','2024-01-15 03:43:42.000000','2024-01-15 10:43:42.000000'),(307,120062,'Ika Fitriani','2024-01-06 17:38:46.000000','2024-01-15 03:43:49.000000','2024-01-15 10:43:49.000000'),(308,120063,'Joko Santoso','2024-01-06 17:38:46.000000','2024-01-15 03:43:49.000000','2024-01-15 10:43:49.000000'),(309,120064,'Krisna Setiawan','2024-01-06 17:38:46.000000','2024-01-15 03:43:49.000000','2024-01-15 10:43:49.000000'),(310,120065,'Lina Pratiwi','2024-01-06 17:38:46.000000','2024-01-15 03:43:49.000000','2024-01-15 10:43:49.000000'),(311,120066,'Muhammad Yusuf','2024-01-06 17:38:46.000000','2024-01-15 03:43:49.000000','2024-01-15 10:43:49.000000'),(312,120067,'Nia Anggraeni','2024-01-06 17:38:46.000000','2024-01-15 03:43:49.000000','2024-01-15 10:43:49.000000'),(313,120068,'Oki Nugroho','2024-01-06 17:38:46.000000','2024-01-15 03:43:49.000000','2024-01-15 10:43:49.000000'),(314,120069,'Putri Andini','2024-01-06 17:38:46.000000','2024-01-15 03:43:49.000000','2024-01-15 10:43:49.000000'),(315,120070,'Qodri Hidayat','2024-01-06 17:38:46.000000','2024-01-15 03:43:49.000000','2024-01-15 10:43:49.000000'),(316,120071,'Rina Sari','2024-01-06 17:38:46.000000','2024-01-15 03:43:49.000000','2024-01-15 10:43:49.000000'),(317,120072,'Sandy Pratama','2024-01-06 17:38:46.000000','2024-01-15 03:43:49.000000','2024-01-15 10:43:49.000000'),(318,120073,'Tasya Rahmawati','2024-01-06 17:38:46.000000','2024-01-15 03:43:49.000000','2024-01-15 10:43:49.000000'),(319,120074,'Umar Hadi','2024-01-06 17:38:46.000000','2024-01-15 03:43:49.000000','2024-01-15 10:43:49.000000'),(320,120075,'Vivi Permata','2024-01-06 17:38:46.000000','2024-01-15 03:43:49.000000','2024-01-15 10:43:49.000000'),(321,120076,'Wahyu Nugroho','2024-01-06 17:38:46.000000','2024-01-15 03:43:49.000000','2024-01-15 10:43:49.000000'),(322,120077,'Xena Putri','2024-01-06 17:38:46.000000','2024-01-15 03:43:49.000000','2024-01-15 10:43:49.000000'),(323,120078,'Yuda Pratama','2024-01-06 17:38:46.000000','2024-01-15 03:43:49.000000','2024-01-15 10:43:49.000000'),(324,120079,'Zara Maulida','2024-01-06 17:38:46.000000','2024-01-15 03:43:49.000000','2024-01-15 10:43:49.000000'),(325,120080,'Arief Setiawan','2024-01-06 17:38:46.000000','2024-01-15 03:43:49.000000','2024-01-15 10:43:49.000000'),(326,1141,'Agus Suprapcaya','2024-01-12 09:44:32.000000','2024-01-15 03:43:49.000000','2024-01-15 10:43:49.000000'),(327,1141,'Dwi Juwartini, SKM., MPH','2024-01-12 09:44:32.000000','2024-01-15 03:43:49.000000','2024-01-15 10:43:49.000000'),(328,1141,'Eddy Murtoyo, S.Kep.Ns.,M.Kep','2024-01-12 09:44:32.000000','2024-01-15 03:43:49.000000','2024-01-15 10:43:49.000000'),(329,1141,'Dewi Murdiyanti P.P., M.Kep.Ns.,Sp.Kep.M.B ','2024-01-12 09:44:32.000000','2024-01-15 03:43:49.000000','2024-01-15 10:43:49.000000'),(330,1141,'Dwi Wulan Minarsih, S.Kep.Ns.,M.Kep ','2024-01-12 09:44:32.000000','2024-01-15 03:43:49.000000','2024-01-15 10:43:49.000000'),(331,1141,'Sri Sutanti Lestari','2024-01-12 09:44:32.000000','2024-01-15 03:43:49.000000','2024-01-15 10:43:49.000000'),(332,1141,'Pardiyono ','2024-01-12 09:44:32.000000','2024-01-15 03:43:49.000000','2024-01-15 10:43:49.000000'),(333,1141,'Tri Arini, S.Kep.Ns.,M.Kep ','2024-01-12 09:44:32.000000','2024-01-15 03:43:49.000000','2024-01-15 10:43:49.000000'),(334,1141,'Giarto, SE ','2024-01-12 09:44:32.000000','2024-01-15 03:43:49.000000','2024-01-15 10:43:49.000000'),(335,1141,'Tenang Aristina, S.Kep.Ns.,M.Kep ','2024-01-12 09:44:32.000000','2024-01-15 03:43:49.000000','2024-01-15 10:43:49.000000'),(336,1141,'Pairin ','2024-01-12 09:44:32.000000','2024-01-15 03:43:49.000000','2024-01-15 10:43:49.000000'),(337,1141,'Rahmita Nuril Amalia, , S.Kep.Ns.,M.Kep ','2024-01-12 09:44:32.000000','2024-01-15 03:43:49.000000','2024-01-15 10:43:49.000000'),(338,1141,'Venny Diana, S.Kep.Ns.,M.Kep ','2024-01-12 09:44:32.000000','2024-01-15 03:43:49.000000','2024-01-15 10:43:49.000000'),(339,1141,'Yayang Harigustian, S.Kep.Ns.,M.Kep ','2024-01-12 09:44:32.000000','2024-01-15 03:43:49.000000','2024-01-15 10:43:49.000000'),(340,1141,'Dewi Kusumaningtyas, S.Kep.Ns.,M.Kep ','2024-01-12 09:44:32.000000','2024-01-15 03:43:49.000000','2024-01-15 10:43:49.000000'),(341,1141,'Wahyu Budi Kriswanto ','2024-01-12 09:44:32.000000','2024-01-15 03:43:49.000000','2024-01-15 10:43:49.000000'),(342,1141,'Nunung Rachmawati, S.Kep.Ns.,M.Kep ','2024-01-12 09:44:32.000000','2024-01-15 03:43:49.000000','2024-01-15 10:43:49.000000'),(343,1141,'Aris Setya Budi ','2024-01-12 09:44:32.000000','2024-01-15 03:43:49.000000','2024-01-15 10:43:49.000000'),(344,1141,'Fadly Ode Abiyoga, A.Md ','2024-01-12 09:44:32.000000','2024-01-15 03:43:49.000000','2024-01-15 10:43:49.000000'),(345,1141,'Agita Diah Purwaningrum, A.Md.Sek','2024-01-12 09:44:32.000000','2024-01-15 03:43:49.000000','2024-01-15 10:43:49.000000'),(346,1141,'Riza Dwi Nur Annisa, A.Md.Kep ','2024-01-12 09:44:32.000000','2024-01-15 03:43:49.000000','2024-01-15 10:43:49.000000'),(347,1141,'Riska Diah Anggraini, A.Md.Kep ','2024-01-12 09:44:32.000000','2024-01-15 03:43:49.000000','2024-01-15 10:43:49.000000'),(348,1141,'Rahmaddika Saputra, S.Kom ','2024-01-12 09:44:32.000000','2024-01-15 03:43:49.000000','2024-01-15 10:43:49.000000'),(349,1141,'Teguh Wahyu Slamet','2024-01-12 09:44:32.000000','2024-01-15 03:43:49.000000','2024-01-15 10:43:49.000000'),(350,1141,'Faisal Sangadji, S.Kep.Ns.,M.Kep ','2024-01-12 09:44:32.000000','2024-01-15 03:43:49.000000','2024-01-15 10:43:49.000000'),(351,1141,'Kristianti Setiadewi, SIP ','2024-01-12 09:44:32.000000','2024-01-15 03:43:49.000000','2024-01-15 10:43:49.000000'),(352,1141,'Nintya Vela Kusumaningrum, A.Md.Kep','2024-01-12 09:44:32.000000','2024-01-15 03:43:49.000000','2024-01-15 10:43:49.000000'),(353,1141,'Evana Indriani, A.Md.Kep ','2024-01-12 09:44:32.000000','2024-01-15 03:43:49.000000','2024-01-15 10:43:49.000000'),(354,1141,'Agus Suprapcaya','2024-01-12 09:45:44.000000','2024-01-15 03:43:49.000000','2024-01-15 10:43:49.000000'),(355,1141,'Dwi Juwartini, SKM., MPH','2024-01-12 09:45:44.000000','2024-01-15 03:43:49.000000','2024-01-15 10:43:49.000000'),(356,1141,'Eddy Murtoyo, S.Kep.Ns.,M.Kep','2024-01-12 09:45:44.000000','2024-01-15 03:43:49.000000','2024-01-15 10:43:49.000000'),(357,1141,'Dewi Murdiyanti P.P., M.Kep.Ns.,Sp.Kep.M.B ','2024-01-12 09:45:44.000000','2024-01-15 03:43:49.000000','2024-01-15 10:43:49.000000'),(358,1141,'Dwi Wulan Minarsih, S.Kep.Ns.,M.Kep ','2024-01-12 09:45:44.000000','2024-01-15 03:43:49.000000','2024-01-15 10:43:49.000000'),(359,1141,'Sri Sutanti Lestari','2024-01-12 09:45:44.000000','2024-01-15 03:43:49.000000','2024-01-15 10:43:49.000000'),(360,1141,'Pardiyono ','2024-01-12 09:45:44.000000','2024-01-15 03:43:49.000000','2024-01-15 10:43:49.000000'),(361,1141,'Tri Arini, S.Kep.Ns.,M.Kep ','2024-01-12 09:45:44.000000','2024-01-15 03:43:49.000000','2024-01-15 10:43:49.000000'),(362,1141,'Giarto, SE ','2024-01-12 09:45:44.000000','2024-01-15 03:43:49.000000','2024-01-15 10:43:49.000000'),(363,1141,'Tenang Aristina, S.Kep.Ns.,M.Kep ','2024-01-12 09:45:44.000000','2024-01-15 03:43:49.000000','2024-01-15 10:43:49.000000'),(364,1141,'Pairin ','2024-01-12 09:45:44.000000','2024-01-15 03:43:49.000000','2024-01-15 10:43:49.000000'),(365,1141,'Rahmita Nuril Amalia, , S.Kep.Ns.,M.Kep ','2024-01-12 09:45:44.000000','2024-01-15 03:43:49.000000','2024-01-15 10:43:49.000000'),(366,1141,'Venny Diana, S.Kep.Ns.,M.Kep ','2024-01-12 09:45:44.000000','2024-01-15 03:43:49.000000','2024-01-15 10:43:49.000000'),(367,1141,'Yayang Harigustian, S.Kep.Ns.,M.Kep ','2024-01-12 09:45:44.000000','2024-01-15 03:43:49.000000','2024-01-15 10:43:49.000000'),(368,1141,'Dewi Kusumaningtyas, S.Kep.Ns.,M.Kep ','2024-01-12 09:45:44.000000','2024-01-15 03:43:49.000000','2024-01-15 10:43:49.000000'),(369,1141,'Wahyu Budi Kriswanto ','2024-01-12 09:45:44.000000','2024-01-15 03:43:49.000000','2024-01-15 10:43:49.000000'),(370,1141,'Nunung Rachmawati, S.Kep.Ns.,M.Kep ','2024-01-12 09:45:44.000000','2024-01-15 03:43:49.000000','2024-01-15 10:43:49.000000'),(371,1141,'Aris Setya Budi ','2024-01-12 09:45:44.000000','2024-01-15 03:43:49.000000','2024-01-15 10:43:49.000000'),(372,1141,'Fadly Ode Abiyoga, A.Md ','2024-01-12 09:45:44.000000','2024-01-15 03:43:49.000000','2024-01-15 10:43:49.000000'),(373,1141,'Agita Diah Purwaningrum, A.Md.Sek','2024-01-12 09:45:44.000000','2024-01-15 03:43:49.000000','2024-01-15 10:43:49.000000'),(374,1141,'Riza Dwi Nur Annisa, A.Md.Kep ','2024-01-12 09:45:44.000000','2024-01-15 03:43:49.000000','2024-01-15 10:43:49.000000'),(375,1141,'Riska Diah Anggraini, A.Md.Kep ','2024-01-12 09:45:44.000000','2024-01-15 03:43:49.000000','2024-01-15 10:43:49.000000'),(376,1141,'Rahmaddika Saputra, S.Kom ','2024-01-12 09:45:44.000000','2024-01-15 03:43:49.000000','2024-01-15 10:43:49.000000'),(377,1141,'Teguh Wahyu Slamet','2024-01-12 09:45:44.000000','2024-01-15 03:43:49.000000','2024-01-15 10:43:49.000000'),(378,1141,'Faisal Sangadji, S.Kep.Ns.,M.Kep ','2024-01-12 09:45:44.000000','2024-01-15 03:43:49.000000','2024-01-15 10:43:49.000000'),(379,1141,'Kristianti Setiadewi, SIP ','2024-01-12 09:45:44.000000','2024-01-15 03:43:49.000000','2024-01-15 10:43:49.000000'),(380,1141,'Nintya Vela Kusumaningrum, A.Md.Kep','2024-01-12 09:45:44.000000','2024-01-15 03:43:49.000000','2024-01-15 10:43:49.000000'),(381,1141,'Evana Indriani, A.Md.Kep ','2024-01-12 09:45:44.000000','2024-01-15 03:43:49.000000','2024-01-15 10:43:49.000000'),(382,2923001,'Evitasari Cahyaningrum','2024-01-15 10:44:03.000000','2024-01-15 03:44:03.000000',NULL),(383,2923003,'Ranny Nandang Saputra','2024-01-15 10:44:03.000000','2024-01-15 03:44:03.000000',NULL),(384,2923004,'Sheva Ibnu Ryansyah ','2024-01-15 10:44:03.000000','2024-01-15 03:44:03.000000',NULL),(385,2923005,'Violleda Angga Sriyono','2024-01-15 10:44:03.000000','2024-01-15 03:44:03.000000',NULL),(386,2923006,'Dhiva Rahma Riswanda','2024-01-15 10:44:03.000000','2024-01-15 03:44:03.000000',NULL),(387,2923007,'Muhammad Hanif Khoirudin','2024-01-15 10:44:03.000000','2024-01-15 03:44:03.000000',NULL),(388,2923009,'Naca Diva Cindy Vatika ','2024-01-15 10:44:03.000000','2024-01-15 03:44:03.000000',NULL),(389,2923011,'Iqbal Maulana Abimanyu Saputra','2024-01-15 10:44:03.000000','2024-01-15 03:44:03.000000',NULL),(390,2923012,'Ardia Sastika','2024-01-15 10:44:03.000000','2024-01-15 03:44:03.000000',NULL),(391,2923013,'Alamanda Mutiara ','2024-01-15 10:44:03.000000','2024-01-15 03:44:03.000000',NULL),(392,2923014,'Trinita Aulia Putri ','2024-01-15 10:44:03.000000','2024-01-15 03:44:03.000000',NULL),(393,2923015,'Mochamad Ardis Ragil Danendra','2024-01-15 10:44:03.000000','2024-01-15 03:44:03.000000',NULL),(394,2923016,'Anggita Intan Tiara ','2024-01-15 10:44:03.000000','2024-01-15 03:44:03.000000',NULL),(395,2923017,'Annisa Cahyaningrum','2024-01-15 10:44:03.000000','2024-01-15 03:44:03.000000',NULL),(396,2923018,'Luluk Patna Wati','2024-01-15 10:44:03.000000','2024-01-15 03:44:03.000000',NULL),(397,2923019,'Faqih Nur Rohman ','2024-01-15 10:44:03.000000','2024-01-15 03:44:03.000000',NULL),(398,2923020,'Lintang Permana ','2024-01-15 10:44:03.000000','2024-01-15 03:44:03.000000',NULL),(399,2923021,'Risma Anisa Rahmawati','2024-01-15 10:44:03.000000','2024-01-15 03:44:03.000000',NULL),(400,2923022,'Tedy Apriansyah','2024-01-15 10:44:03.000000','2024-01-15 03:44:03.000000',NULL),(401,2822001,'Silla Yuliana Fiati','2024-01-15 10:44:03.000000','2024-01-15 03:44:03.000000',NULL),(402,2822002,'Afrida Cahyaningsih','2024-01-15 10:44:03.000000','2024-01-15 03:44:03.000000',NULL),(403,2822003,'Fahma Bela Maulidina','2024-01-15 10:44:03.000000','2024-01-15 03:44:03.000000',NULL),(404,2822004,'Eri Susanawati','2024-01-15 10:44:03.000000','2024-01-15 03:44:03.000000',NULL),(405,2822005,'Randi Gusmi Maulana','2024-01-15 10:44:03.000000','2024-01-15 03:44:03.000000',NULL),(406,2822006,'Infami Ilham Layori','2024-01-15 10:44:03.000000','2024-01-15 03:44:03.000000',NULL),(407,2822007,'Indar Sari','2024-01-15 10:44:03.000000','2024-01-15 03:44:03.000000',NULL),(408,2822008,'Ella Shelviananta','2024-01-15 10:44:03.000000','2024-01-15 03:44:03.000000',NULL),(409,2822009,'Deha Rofiqo Choirunnisa','2024-01-15 10:44:03.000000','2024-01-15 03:44:03.000000',NULL),(410,2822010,'Endra Dwi Kusuma','2024-01-15 10:44:03.000000','2024-01-15 03:44:03.000000',NULL),(411,2822013,'Khasanah Cahya Lestari','2024-01-15 10:44:03.000000','2024-01-15 03:44:03.000000',NULL),(412,2822014,'Septiyanto Raenaldi','2024-01-15 10:44:03.000000','2024-01-15 03:44:03.000000',NULL),(413,2822015,'Ainifah Anita Sari','2024-01-15 10:44:03.000000','2024-01-15 03:44:03.000000',NULL),(414,2822016,'Azkazaky Raisya Muhammad Hadi','2024-01-15 10:44:03.000000','2024-01-15 03:44:03.000000',NULL),(415,2822018,'Galih Kuncorojati','2024-01-15 10:44:03.000000','2024-01-15 03:44:03.000000',NULL),(416,2822019,'Adam Wicaksono','2024-01-15 10:44:03.000000','2024-01-15 03:44:03.000000',NULL),(417,2822020,'Karinda Nova Anggera','2024-01-15 10:44:03.000000','2024-01-15 03:44:03.000000',NULL),(418,2822021,'Ulya Aini','2024-01-15 10:44:03.000000','2024-01-15 03:44:03.000000',NULL),(419,2822022,'Imay Sahara','2024-01-15 10:44:03.000000','2024-01-15 03:44:03.000000',NULL),(420,2822023,'Al Zahra Ayu Revancha','2024-01-15 10:44:03.000000','2024-01-15 03:44:03.000000',NULL),(421,2822024,'Nabila Ulhanafi','2024-01-15 10:44:03.000000','2024-01-15 03:44:03.000000',NULL),(422,2822025,'Mei Hermayani','2024-01-15 10:44:03.000000','2024-01-15 03:44:03.000000',NULL),(423,2822026,'Siti Hanifah Khusnul Utami','2024-01-15 10:44:03.000000','2024-01-15 03:44:03.000000',NULL),(424,2822027,'Ainnunisa Nurul Fatima','2024-01-15 10:44:03.000000','2024-01-15 03:44:03.000000',NULL),(425,2822028,'Nazhifatul Khoir Widjaya','2024-01-15 10:44:03.000000','2024-01-15 03:44:03.000000',NULL),(426,2822029,'Laura Legita','2024-01-15 10:44:03.000000','2024-01-15 03:44:03.000000',NULL),(427,2822030,'Nur Fadhila Lutfiana','2024-01-15 10:44:03.000000','2024-01-15 03:44:03.000000',NULL),(428,2822032,'Anggun Hestinia Putri','2024-01-15 10:44:03.000000','2024-01-15 03:44:03.000000',NULL),(429,2822033,'Dian Ari Safitroh','2024-01-15 10:44:03.000000','2024-01-15 03:44:03.000000',NULL),(430,2822036,'Mazturahma Alfinajah','2024-01-15 10:44:03.000000','2024-01-15 03:44:03.000000',NULL),(431,2620019,'Aldi Riskika Putra Pratama','2024-01-15 10:44:03.000000','2024-01-15 03:44:03.000000',NULL),(432,2519007,'Ana Suryandari','2024-01-15 10:44:03.000000','2024-01-15 03:44:03.000000',NULL),(433,2721001,'Asih Supriyanti','2024-01-15 10:44:03.000000','2024-01-15 03:44:03.000000',NULL),(434,2721002,'Dhea Febriana Sholihah','2024-01-15 10:44:03.000000','2024-01-15 03:44:03.000000',NULL),(435,2721003,'Salsabila Athaya Yuwono','2024-01-15 10:44:03.000000','2024-01-15 03:44:03.000000',NULL),(436,2721004,'Pipit Novita Tias Mentary','2024-01-15 10:44:03.000000','2024-01-15 03:44:03.000000',NULL),(437,2721005,'Melina Anita Sari','2024-01-15 10:44:03.000000','2024-01-15 03:44:03.000000',NULL),(438,2721006,'Galuh Putri Allifia Ardani','2024-01-15 10:44:03.000000','2024-01-15 03:44:03.000000',NULL),(439,2721007,'Erna Wati','2024-01-15 10:44:03.000000','2024-01-15 03:44:03.000000',NULL),(440,2721009,'Ardhia Dewita Sari','2024-01-15 10:44:03.000000','2024-01-15 03:44:03.000000',NULL),(441,2721010,'Yulia Cipta Damayanti','2024-01-15 10:44:03.000000','2024-01-15 03:44:03.000000',NULL),(442,2721011,'Annisa Indah Purbaningrum','2024-01-15 10:44:03.000000','2024-01-15 03:44:03.000000',NULL),(443,2721012,'Andhini Irdiniati Putri','2024-01-15 10:44:03.000000','2024-01-15 03:44:03.000000',NULL),(444,2721013,'Sahrish Rauf Norannisa','2024-01-15 10:44:03.000000','2024-01-15 03:44:03.000000',NULL),(445,2721014,'Firda Saputri Puspitasari','2024-01-15 10:44:03.000000','2024-01-15 03:44:03.000000',NULL),(446,2721015,'Sandy Aksay Zaini','2024-01-15 10:44:03.000000','2024-01-15 03:44:03.000000',NULL),(447,2721016,'Avitria Eka Rohana','2024-01-15 10:44:03.000000','2024-01-15 03:44:03.000000',NULL),(448,2721017,'Riko Adi Pradana','2024-01-15 10:44:03.000000','2024-01-15 03:44:03.000000',NULL),(449,2721018,'Wahyu Ardia Putra','2024-01-15 10:44:03.000000','2024-01-15 03:44:03.000000',NULL),(450,2721019,'Rehan Dwi Irawan','2024-01-15 10:44:03.000000','2024-01-15 03:44:03.000000',NULL),(451,2721020,'Norma Hayati','2024-01-15 10:44:03.000000','2024-01-15 03:44:03.000000',NULL),(452,2721021,'Raden Rara Asfarina Izzati','2024-01-15 10:44:03.000000','2024-01-15 03:44:03.000000',NULL),(453,2721023,'Adinda Lailatul','2024-01-15 10:44:03.000000','2024-01-15 03:44:03.000000',NULL),(454,2721025,'Aulia Rafi Al Halim','2024-01-15 10:44:03.000000','2024-01-15 03:44:03.000000',NULL),(455,2721026,'Khusifawati','2024-01-15 10:44:03.000000','2024-01-15 03:44:03.000000',NULL),(456,2721027,'Muhammad Fandy Nur Alfian','2024-01-15 10:44:03.000000','2024-01-15 03:44:03.000000',NULL),(457,2721028,'Agung Darmawan Budiarto','2024-01-15 10:44:03.000000','2024-01-15 03:44:03.000000',NULL),(458,2721029,'Alvina Dhea Oktaviana','2024-01-15 10:44:03.000000','2024-01-15 03:44:03.000000',NULL),(459,2721031,'M Arkan Arinul Faiz','2024-01-15 10:44:03.000000','2024-01-15 03:44:03.000000',NULL),(460,2721032,'Ramandha Adhi Nur Huda','2024-01-15 10:44:03.000000','2024-01-15 03:44:03.000000',NULL),(461,2721033,'Dhea Ayu Anggraita','2024-01-15 10:44:03.000000','2024-01-15 03:44:03.000000',NULL),(462,2721034,'Septiana Setiarini','2024-01-15 10:44:03.000000','2024-01-15 03:44:03.000000',NULL),(463,2721035,'Alfany Nur Syalsabila','2024-01-15 10:44:03.000000','2024-01-15 03:44:03.000000',NULL),(464,2721036,'Nurul Adha Datun','2024-01-15 10:44:03.000000','2024-01-15 03:44:03.000000',NULL),(465,2721037,'Dwi Wiwit Widiastuti','2024-01-15 10:44:03.000000','2024-01-15 03:44:03.000000',NULL),(466,2721038,'Alvin Rolansyah','2024-01-15 10:44:03.000000','2024-01-15 03:44:03.000000',NULL),(467,2721039,'Khusaeni Fika Rakhim','2024-01-15 10:44:03.000000','2024-01-15 03:44:03.000000',NULL),(468,2721040,'Diyanasari','2024-01-15 10:44:03.000000','2024-01-15 03:44:03.000000',NULL),(469,2721041,'Lambang Budi Argo','2024-01-15 10:44:03.000000','2024-01-15 03:44:03.000000',NULL),(470,2721042,'Anantasya Wulandari','2024-01-15 10:44:03.000000','2024-01-15 03:44:03.000000',NULL),(471,2721043,'Asti Mezaluna Zafira','2024-01-15 10:44:03.000000','2024-01-15 03:44:03.000000',NULL),(472,2721044,'Dede Dika Vernanda','2024-01-15 10:44:03.000000','2024-01-15 03:44:03.000000',NULL),(473,2721045,'Rina Alfi Annisa','2024-01-15 10:44:03.000000','2024-01-15 03:44:03.000000',NULL);
/*!40000 ALTER TABLE `tbl_mhs` ENABLE KEYS */;
UNLOCK TABLES;
COMMIT;

-- Dumped table `tbl_mhs` with 228 row(s)
--

--
-- Table structure for table `tbl_peminjaman`
--

/*!40101 SET @saved_cs_client     = @@character_set_client */;
/*!40101 SET character_set_client = utf8 */;
CREATE TABLE `tbl_peminjaman` (
  `id` int(5) NOT NULL AUTO_INCREMENT,
  `kode_pinjam` varchar(20) NOT NULL,
  `nama_peminjam` varchar(100) NOT NULL,
  `nama_ruangan` varchar(100) NOT NULL,
  `tanggal_pinjam` datetime(6) NOT NULL DEFAULT current_timestamp(6),
  `keperluan` varchar(500) NOT NULL,
  `nama_dosen` varchar(255) NOT NULL,
  `created_at` datetime(6) NOT NULL DEFAULT current_timestamp(6),
  `updated_at` timestamp(6) NOT NULL DEFAULT current_timestamp(6) ON UPDATE current_timestamp(6),
  PRIMARY KEY (`id`)
) ENGINE=InnoDB AUTO_INCREMENT=93 DEFAULT CHARSET=utf8mb4 COLLATE=utf8mb4_general_ci;
/*!40101 SET character_set_client = @saved_cs_client */;

--
-- Dumping data for table `tbl_peminjaman`
--

LOCK TABLES `tbl_peminjaman` WRITE;
/*!40000 ALTER TABLE `tbl_peminjaman` DISABLE KEYS */;
SET autocommit=0;
INSERT INTO `tbl_peminjaman` VALUES (66,'P-YKY-LAB-00032','120003-Citra Dewi','Laboratorium Keperawatan Lantai 2','2023-02-01 19:11:22.000000','Penelitian','','2023-02-01 11:06:51.860714','2024-01-17 07:08:02.842951'),(67,'P-YKY-LAB-00033','120006-Fani Ramadhani','Kelas','2024-01-14 07:32:46.000000','Praktek Pembelajaran - Keperawatan KKG','','2024-01-17 11:06:51.860714','2024-01-17 04:43:00.485457'),(68,'P-YKY-LAB-00034','120038-Putra Wijaya','Kelas','2024-01-14 14:26:08.000000','Belajar Mandiri','','2024-01-17 11:06:51.860714','2024-01-17 04:43:00.485457'),(69,'P-YKY-LAB-00035','120012-Lukman Hakim','Kelas','2024-01-15 06:48:01.000000','Belajar Mandiri','','2024-01-17 11:06:51.860714','2024-01-17 04:43:00.485457'),(70,'P-YKY-LAB-00036','120004-Dian Kurniawan','Laboratorium Keperawatan Lantai 2','2024-01-15 09:31:21.000000','Pengabdian Masyarakat','','2024-01-17 11:06:51.860714','2024-01-17 04:43:00.485457'),(71,'P-YKY-LAB-00037','2923001-Evitasari Cahyaningrum','Kelas','2024-01-15 10:44:48.000000','Belajar Mandiri','','2024-01-17 11:06:51.860714','2024-01-17 04:43:00.485457'),(72,'P-YKY-LAB-00038','2923001-Evitasari Cahyaningrum','Kelas','2024-01-16 07:16:27.000000','Belajar Mandiri','','2024-01-17 11:06:51.860714','2024-01-17 04:43:00.485457'),(73,'P-YKY-LAB-00039','2923001-Evitasari Cahyaningrum','Kelas','2024-01-16 07:19:34.000000','Belajar Mandiri','','2024-01-17 11:06:51.860714','2024-01-17 04:43:00.485457'),(74,'P-YKY-LAB-00040','2923003-Ranny Nandang Saputra','Laboratorium Keperawatan Lantai 2','2024-01-16 07:22:07.000000','Kegiatan Lainnya','','2024-01-17 11:06:51.860714','2024-01-17 04:43:00.485457'),(75,'P-YKY-LAB-00041','2923004-Sheva Ibnu Ryansyah ','Kelas','2024-01-16 09:11:41.198000','Belajar Mandiri','','2024-01-17 09:06:51.612000','2024-01-17 04:47:05.671286'),(76,'P-YKY-LAB-00042','2721044-Dede Dika Vernanda','Laboratorium Keperawatan Lantai 3','2024-01-16 09:30:27.460000','Praktek Pembelajaran - Keperawatan Gawat Darurat','','2024-01-17 09:06:51.433000','2024-01-17 04:47:11.814541'),(77,'P-YKY-LAB-00043','1141 15 171-Riza Dwi Nur Annisa, A.Md.Kep ','Kegiatan diluar kampus','2024-02-02 11:43:09.000000','Pengabdian Masyarakat','','2024-01-17 09:43:09.000000','2024-01-17 14:02:59.835052'),(78,'P-YKY-LAB-00044','2923014-Trinita Aulia Putri ','Kegiatan diluar kampus','2024-02-01 11:47:51.000000','Pengabdian Masyarakat','','2024-01-17 11:47:51.000000','2024-01-17 14:02:52.759801'),(79,'P-YKY-LAB-00045','2923001-Evitasari Cahyaningrum','Kelas','2023-02-01 14:07:09.000000','Penelitian','','2023-02-01 14:07:09.000000','2024-01-17 07:10:49.017085'),(80,'P-YKY-LAB-00046','2923001-Evitasari Cahyaningrum','Kegiatan diluar kampus','2024-01-17 16:35:53.000000','Pengabdian Masyarakat','Tenang Aristina, S.Kep.Ns.,M.Kep ','2024-01-17 16:35:53.000000','2024-01-17 09:35:53.000000'),(81,'P-YKY-LAB-00047','2923020-Lintang Permana ','Kelas','2024-01-18 15:39:32.000000','Praktek Pembelajaran - Keperawatan Maternitas','Venny Diana, S.Kep.Ns.,M.Kep ','2024-01-18 15:39:32.000000','2024-01-18 08:39:32.000000'),(82,'P-YKY-LAB-00048','2923004-Sheva Ibnu Ryansyah ','Laboratorium Keperawatan Lantai 2','2024-01-19 06:14:01.000000','Pengabdian Masyarakat','Dwi Wulan Minarsih, S.Kep.Ns.,M.Kep ','2024-01-19 06:14:01.000000','2024-01-18 23:14:01.000000'),(83,'P-YKY-LAB-00049','2923001-Evitasari Cahyaningrum','Kelas','2024-01-19 06:21:25.000000','Pengabdian Masyarakat','Tri Arini, S.Kep.Ns.,M.Kep ','2024-01-19 06:21:25.000000','2024-01-18 23:21:25.000000'),(84,'P-YKY-LAB-00050','2923005-Violleda Angga Sriyono','Kelas','2024-01-19 08:41:02.000000','Praktek Pembelajaran - Keperawatan Dasar','Dewi Murdiyanti P.P., M.Kep.Ns.,Sp.Kep.M.B ','2024-01-19 08:41:02.000000','2024-01-19 01:41:02.000000'),(85,'P-YKY-LAB-00051','2923013-Alamanda Mutiara ','Kelas','2024-01-19 13:09:40.000000','Penelitian','Tenang Aristina, S.Kep.Ns.,M.Kep ','2024-01-19 13:09:40.000000','2024-01-19 06:09:40.000000'),(86,'P-YKY-LAB-00050','2923001-Evitasari Cahyaningrum','Kelas','2024-01-19 17:55:04.000000','Pengabdian Masyarakat','Tenang Aristina, S.Kep.Ns.,M.Kep ','2024-01-19 17:55:04.000000','2024-01-19 10:55:04.000000'),(87,'P-YKY-LAB-00053','2923017-Annisa Cahyaningrum','Kelas','2024-01-19 18:10:26.000000','Praktek Pembelajaran - Keperawatan Gawat Darurat','Tri Arini, S.Kep.Ns.,M.Kep ','2024-01-19 18:10:26.000000','2024-01-19 11:10:26.000000'),(88,'P-YKY-LAB-00054','2923001-Evitasari Cahyaningrum','Kelas','2024-01-22 16:36:02.000000','Penelitian','Eddy Murtoyo, S.Kep.Ns.,M.Kep','2024-01-22 16:36:02.000000','2024-01-22 09:36:02.000000'),(89,'P-YKY-LAB-00055','2923001-Evitasari Cahyaningrum','Kelas','2024-01-22 16:41:28.000000','Penelitian','Tenang Aristina, S.Kep.Ns.,M.Kep ','2024-01-22 16:41:28.000000','2024-01-22 09:41:28.000000'),(90,'P-YKY-LAB-00056','2923001-Evitasari Cahyaningrum','Kelas','2024-01-22 17:06:36.000000','Penelitian','Tenang Aristina, S.Kep.Ns.,M.Kep ','2024-01-22 17:06:36.000000','2024-01-22 10:06:36.000000'),(91,'P-YKY-LAB-00057','2923005-Violleda Angga Sriyono','Kelas','2024-01-22 17:14:24.000000','Pengabdian Masyarakat','Tenang Aristina, S.Kep.Ns.,M.Kep ','2024-01-22 17:14:24.000000','2024-01-22 10:14:24.000000'),(92,'P-YKY-LAB-00058','2923011-Iqbal Maulana Abimanyu Saputra','Kelas','2024-01-22 19:31:15.000000','Penelitian','Yayang Harigustian, S.Kep.Ns.,M.Kep ','2024-01-22 19:31:15.000000','2024-01-22 12:31:15.000000');
/*!40000 ALTER TABLE `tbl_peminjaman` ENABLE KEYS */;
UNLOCK TABLES;
COMMIT;

-- Dumped table `tbl_peminjaman` with 27 row(s)
--

--
-- Table structure for table `tbl_peminjaman_barang`
--

/*!40101 SET @saved_cs_client     = @@character_set_client */;
/*!40101 SET character_set_client = utf8 */;
CREATE TABLE `tbl_peminjaman_barang` (
  `id` int(11) NOT NULL AUTO_INCREMENT,
  `peminjaman_id` int(11) NOT NULL,
  `barang_id` int(11) NOT NULL,
  PRIMARY KEY (`id`),
  KEY `peminjaman_id` (`peminjaman_id`),
  KEY `barang_id` (`barang_id`),
  CONSTRAINT `tbl_peminjaman_barang_ibfk_1` FOREIGN KEY (`barang_id`) REFERENCES `tbl_barang` (`id`),
  CONSTRAINT `tbl_peminjaman_barang_ibfk_2` FOREIGN KEY (`peminjaman_id`) REFERENCES `tbl_peminjaman` (`id`) ON DELETE CASCADE
) ENGINE=InnoDB AUTO_INCREMENT=231 DEFAULT CHARSET=utf8mb4 COLLATE=utf8mb4_general_ci;
/*!40101 SET character_set_client = @saved_cs_client */;

--
-- Dumping data for table `tbl_peminjaman_barang`
--

LOCK TABLES `tbl_peminjaman_barang` WRITE;
/*!40000 ALTER TABLE `tbl_peminjaman_barang` DISABLE KEYS */;
SET autocommit=0;
INSERT INTO `tbl_peminjaman_barang` VALUES (230,92,1260);
/*!40000 ALTER TABLE `tbl_peminjaman_barang` ENABLE KEYS */;
UNLOCK TABLES;
COMMIT;

-- Dumped table `tbl_peminjaman_barang` with 1 row(s)
--

--
-- Table structure for table `tbl_pengaturan`
--

/*!40101 SET @saved_cs_client     = @@character_set_client */;
/*!40101 SET character_set_client = utf8 */;
CREATE TABLE `tbl_pengaturan` (
  `id` int(10) NOT NULL AUTO_INCREMENT,
  `nama_kampus` varchar(255) NOT NULL,
  `no_id` int(50) NOT NULL,
  `alamat` varchar(255) NOT NULL,
  `ttd_1` varchar(255) NOT NULL,
  `nama_direktur` varchar(255) NOT NULL,
  `nik_dir` varchar(255) NOT NULL,
  `ttd_2` varchar(255) NOT NULL,
  `nama_laboran` varchar(255) NOT NULL,
  `nik_laboran` varchar(255) NOT NULL,
  `ttd_3` varchar(255) NOT NULL,
  `nama_ttd_3` varchar(255) NOT NULL,
  `id_ttd_3` varchar(255) NOT NULL,
  `ttd_4` varchar(255) NOT NULL,
  `nama_ttd_4` varchar(255) NOT NULL,
  `id_ttd_4` varchar(255) NOT NULL,
  PRIMARY KEY (`id`)
) ENGINE=InnoDB AUTO_INCREMENT=2 DEFAULT CHARSET=utf8mb4 COLLATE=utf8mb4_general_ci;
/*!40101 SET character_set_client = @saved_cs_client */;

--
-- Dumping data for table `tbl_pengaturan`
--

LOCK TABLES `tbl_pengaturan` WRITE;
/*!40000 ALTER TABLE `tbl_pengaturan` DISABLE KEYS */;
SET autocommit=0;
INSERT INTO `tbl_pengaturan` VALUES (1,'AKPER YKY Yogyakarta',123412344,'Jl. Patangpuluhan, Sonosewu, Ngestiharjo, Kasihan, Sonosewu, Ngestiharjo, Kec. Kasihan, Kabupaten Bantul, Daerah Istimewa Yogyakarta','Direktur','Rahmita Nuril Amalia, S.Kep.Ns.,M.Kep','1141 10 155','Laboran','Riza Dwi Nur Annisa, A.Md.Kep.','1141 10 155','Ka. Penunjang Layanan','Dewi Kusumaningtyas, S.Kep.Ns.,M.Kep','1141 12 161','Wadir I','Dwi Wulan Minarsih, S.Kep.Ns.,M.Kep','1141 99 035');
/*!40000 ALTER TABLE `tbl_pengaturan` ENABLE KEYS */;
UNLOCK TABLES;
COMMIT;

-- Dumped table `tbl_pengaturan` with 1 row(s)
--

--
-- Table structure for table `tbl_pengeluaran_persediaan`
--

/*!40101 SET @saved_cs_client     = @@character_set_client */;
/*!40101 SET character_set_client = utf8 */;
CREATE TABLE `tbl_pengeluaran_persediaan` (
  `id` int(10) NOT NULL AUTO_INCREMENT,
  `peminjaman_id` int(10) NOT NULL,
  `barang_id` int(10) NOT NULL,
  `ambil_barang` int(100) NOT NULL,
  `harga_satuan` int(100) NOT NULL,
  `jumlah_harga` int(100) NOT NULL,
  PRIMARY KEY (`id`),
  KEY `peminjaman_id` (`peminjaman_id`),
  KEY `barang_id` (`barang_id`),
  CONSTRAINT `tbl_pengeluaran_persediaan_ibfk_1` FOREIGN KEY (`peminjaman_id`) REFERENCES `tbl_peminjaman` (`id`) ON DELETE CASCADE,
  CONSTRAINT `tbl_pengeluaran_persediaan_ibfk_2` FOREIGN KEY (`barang_id`) REFERENCES `tbl_persediaan_barang` (`id`) ON DELETE CASCADE
) ENGINE=InnoDB AUTO_INCREMENT=256 DEFAULT CHARSET=utf8mb4 COLLATE=utf8mb4_general_ci;
/*!40101 SET character_set_client = @saved_cs_client */;

--
-- Dumping data for table `tbl_pengeluaran_persediaan`
--

LOCK TABLES `tbl_pengeluaran_persediaan` WRITE;
/*!40000 ALTER TABLE `tbl_pengeluaran_persediaan` DISABLE KEYS */;
SET autocommit=0;
/*!40000 ALTER TABLE `tbl_pengeluaran_persediaan` ENABLE KEYS */;
UNLOCK TABLES;
COMMIT;

-- Dumped table `tbl_pengeluaran_persediaan` with 0 row(s)
--

--
-- Table structure for table `tbl_penggunaan_barang`
--

/*!40101 SET @saved_cs_client     = @@character_set_client */;
/*!40101 SET character_set_client = utf8 */;
CREATE TABLE `tbl_penggunaan_barang` (
  `id` int(10) NOT NULL AUTO_INCREMENT,
  `penggunaan` varchar(255) NOT NULL,
  PRIMARY KEY (`id`)
) ENGINE=InnoDB AUTO_INCREMENT=6 DEFAULT CHARSET=utf8mb4 COLLATE=utf8mb4_general_ci;
/*!40101 SET character_set_client = @saved_cs_client */;

--
-- Dumping data for table `tbl_penggunaan_barang`
--

LOCK TABLES `tbl_penggunaan_barang` WRITE;
/*!40000 ALTER TABLE `tbl_penggunaan_barang` DISABLE KEYS */;
SET autocommit=0;
INSERT INTO `tbl_penggunaan_barang` VALUES (1,'Praktek Pembelajaran'),(2,'Pengabdian Masyarakat'),(3,'Penelitian'),(4,'Kegiatan Lainnya'),(5,'Belajar Mandiri');
/*!40000 ALTER TABLE `tbl_penggunaan_barang` ENABLE KEYS */;
UNLOCK TABLES;
COMMIT;

-- Dumped table `tbl_penggunaan_barang` with 5 row(s)
--

--
-- Table structure for table `tbl_persediaan_barang`
--

/*!40101 SET @saved_cs_client     = @@character_set_client */;
/*!40101 SET character_set_client = utf8 */;
CREATE TABLE `tbl_persediaan_barang` (
  `id` int(10) NOT NULL AUTO_INCREMENT,
  `kode_barang` varchar(255) NOT NULL,
  `harga_satuan` int(100) NOT NULL,
  `nama_barang` varchar(100) NOT NULL,
  `satuan` varchar(100) NOT NULL,
  `prodi` varchar(255) NOT NULL,
  `kelompok_barang` varchar(255) NOT NULL,
  `stok` int(10) NOT NULL DEFAULT 0,
  `created_at` datetime(6) NOT NULL DEFAULT current_timestamp(6),
  `updated_at` timestamp NOT NULL DEFAULT current_timestamp() ON UPDATE current_timestamp(),
  PRIMARY KEY (`id`)
) ENGINE=InnoDB AUTO_INCREMENT=69 DEFAULT CHARSET=utf8mb4 COLLATE=utf8mb4_general_ci;
/*!40101 SET character_set_client = @saved_cs_client */;

--
-- Dumping data for table `tbl_persediaan_barang`
--

LOCK TABLES `tbl_persediaan_barang` WRITE;
/*!40000 ALTER TABLE `tbl_persediaan_barang` DISABLE KEYS */;
SET autocommit=0;
INSERT INTO `tbl_persediaan_barang` VALUES (30,'YKY-Lab-Persed-0030',13500,'Sufratul','Buah','AKPER YKY YOGYAKARTA','Barang Habis Pakai Lab',15,'2024-01-15 17:30:53.557407','2024-01-22 10:27:25'),(31,'YKY-Lab-Persed-0031',16000,'Tegaderm 6 x 7','Buah','AKPER YKY YOGYAKARTA','Barang Habis Pakai Lab',0,'2024-01-15 17:30:56.541567','2024-01-22 10:27:25'),(32,'YKY-Lab-Persed-0032',21000,'Hand Wash','Pack','AKPER YKY YOGYAKARTA','Barang Habis Pakai Lab',0,'2024-01-15 17:30:58.719275','2024-01-18 23:20:38'),(33,'YKY-Lab-Persed-0033',21000,'Hand Sanitizer','Buah','AKPER YKY YOGYAKARTA','Barang Habis Pakai Lab',15,'2024-01-15 17:31:00.873757','2024-01-22 10:27:25'),(34,'YKY-Lab-Persed-0034',13000,'IV Cath Jarum Infus','Buah','AKPER YKY YOGYAKARTA','Barang Habis Pakai Lab',42,'2024-01-15 16:54:40.287576','2024-01-23 01:51:24'),(68,'YKY-Lab-Persed-0068',25000,'Sufratul','Buah','AKPER YKY Yogyakarta','Barang Habis Pakai Lab',16,'2024-01-19 08:39:45.000000','2024-01-22 09:49:05');
/*!40000 ALTER TABLE `tbl_persediaan_barang` ENABLE KEYS */;
UNLOCK TABLES;
COMMIT;

-- Dumped table `tbl_persediaan_barang` with 6 row(s)
--

--
-- Table structure for table `tbl_persediaan_penerimaan`
--

/*!40101 SET @saved_cs_client     = @@character_set_client */;
/*!40101 SET character_set_client = utf8 */;
CREATE TABLE `tbl_persediaan_penerimaan` (
  `id` int(10) NOT NULL AUTO_INCREMENT,
  `tanggal_penerimaan` date NOT NULL,
  `jenis_perolehan` varchar(255) NOT NULL,
  `petugas` varchar(255) NOT NULL,
  PRIMARY KEY (`id`)
) ENGINE=InnoDB AUTO_INCREMENT=291 DEFAULT CHARSET=utf8mb4 COLLATE=utf8mb4_general_ci;
/*!40101 SET character_set_client = @saved_cs_client */;

--
-- Dumping data for table `tbl_persediaan_penerimaan`
--

LOCK TABLES `tbl_persediaan_penerimaan` WRITE;
/*!40000 ALTER TABLE `tbl_persediaan_penerimaan` DISABLE KEYS */;
SET autocommit=0;
INSERT INTO `tbl_persediaan_penerimaan` VALUES (250,'2024-01-16','Pembelian','Riza Dwi Nur Annisa, A.Md.Kep '),(257,'2024-01-16','Pembelian','Dwi Juwartini, SKM., MPH'),(258,'2024-01-16','Pembelian','Agus Suprapcaya'),(259,'2024-01-16','Pembelian','Agus Suprapcaya'),(260,'2024-01-16','Pembelian','Agus Suprapcaya'),(261,'2024-01-16','Pembelian','Agus Suprapcaya'),(262,'2024-01-16','Pembelian','Agus Suprapcaya'),(263,'2024-01-16','Pembelian','Agus Suprapcaya'),(265,'2024-01-16','Pembelian','Pairin '),(266,'2024-01-16','Pembelian','Agus Suprapcaya'),(267,'2024-01-16','Pembelian','Agus Suprapcaya'),(268,'2024-01-16','Pembelian','Agus Suprapcaya'),(269,'2024-01-16','Pembelian','Agus Suprapcaya'),(270,'2024-01-16','Pembelian','Agus Suprapcaya'),(271,'2024-01-16','Pembelian','Agus Suprapcaya'),(272,'2024-01-16','Pembelian','Agus Suprapcaya'),(273,'2024-01-16','Pembelian','Agus Suprapcaya'),(274,'2024-01-16','Pembelian','Agus Suprapcaya'),(275,'2024-01-16','Pembelian','Agus Suprapcaya'),(278,'2024-01-16','Pembelian','Riza Dwi Nur Annisa, A.Md.Kep '),(283,'2024-01-18','Pembelian','Agus Suprapcaya'),(287,'2024-01-01','Pembelian','Riza Dwi Nur Annisa, A.Md.Kep '),(288,'2024-01-08','Pembelian','Riza Dwi Nur Annisa, A.Md.Kep '),(289,'2024-02-01','Pembelian','Yayang Harigustian, S.Kep.Ns.,M.Kep '),(290,'2023-12-30','Pembelian','Dewi Murdiyanti P.P., M.Kep.Ns.,Sp.Kep.M.B ');
/*!40000 ALTER TABLE `tbl_persediaan_penerimaan` ENABLE KEYS */;
UNLOCK TABLES;
COMMIT;

-- Dumped table `tbl_persediaan_penerimaan` with 25 row(s)
--

--
-- Table structure for table `tbl_persediaan_penerimaan_detail`
--

/*!40101 SET @saved_cs_client     = @@character_set_client */;
/*!40101 SET character_set_client = utf8 */;
CREATE TABLE `tbl_persediaan_penerimaan_detail` (
  `id` int(10) NOT NULL AUTO_INCREMENT,
  `penerimaan_id` int(10) NOT NULL,
  `barang_id` int(10) NOT NULL,
  `jumlah_barang` int(10) NOT NULL,
  `harga_satuan` int(100) NOT NULL,
  `jumlah_harga` int(100) NOT NULL,
  `diambil` int(10) NOT NULL DEFAULT 0,
  `cek_stok` int(10) NOT NULL,
  `created_at` datetime(6) NOT NULL DEFAULT current_timestamp(6),
  `updated_at` timestamp NOT NULL DEFAULT current_timestamp() ON UPDATE current_timestamp(),
  PRIMARY KEY (`id`),
  KEY `penerimaan_id` (`penerimaan_id`),
  KEY `barang_id` (`barang_id`),
  CONSTRAINT `tbl_persediaan_penerimaan_detail_ibfk_3` FOREIGN KEY (`barang_id`) REFERENCES `tbl_persediaan_barang` (`id`),
  CONSTRAINT `tbl_persediaan_penerimaan_detail_ibfk_4` FOREIGN KEY (`penerimaan_id`) REFERENCES `tbl_persediaan_penerimaan` (`id`) ON DELETE CASCADE ON UPDATE CASCADE
) ENGINE=InnoDB AUTO_INCREMENT=206 DEFAULT CHARSET=utf8mb4 COLLATE=utf8mb4_general_ci;
/*!40101 SET character_set_client = @saved_cs_client */;

--
-- Dumping data for table `tbl_persediaan_penerimaan_detail`
--

LOCK TABLES `tbl_persediaan_penerimaan_detail` WRITE;
/*!40000 ALTER TABLE `tbl_persediaan_penerimaan_detail` DISABLE KEYS */;
SET autocommit=0;
INSERT INTO `tbl_persediaan_penerimaan_detail` VALUES (200,287,33,15,21000,315000,0,0,'2024-01-19 08:39:17.874501','2024-01-19 06:13:32'),(201,287,30,15,13500,202500,0,0,'2024-01-19 08:39:17.880382','2024-01-19 01:39:17'),(202,288,68,16,25000,400000,0,0,'2024-01-19 08:40:20.648982','2024-01-19 01:40:20'),(203,288,34,17,13000,221000,0,0,'2024-01-19 08:40:20.656499','2024-01-19 01:40:20'),(204,289,34,10,13000,130000,0,0,'2024-01-19 15:18:06.169307','2024-01-19 08:18:06'),(205,290,34,15,13000,195000,0,0,'2024-01-23 08:51:24.547803','2024-01-23 01:51:24');
/*!40000 ALTER TABLE `tbl_persediaan_penerimaan_detail` ENABLE KEYS */;
UNLOCK TABLES;
COMMIT;

-- Dumped table `tbl_persediaan_penerimaan_detail` with 6 row(s)
--

--
-- Table structure for table `tbl_praktek_pembelajaran`
--

/*!40101 SET @saved_cs_client     = @@character_set_client */;
/*!40101 SET character_set_client = utf8 */;
CREATE TABLE `tbl_praktek_pembelajaran` (
  `id` int(10) NOT NULL AUTO_INCREMENT,
  `nama_pembelajaran` varchar(255) NOT NULL,
  PRIMARY KEY (`id`)
) ENGINE=InnoDB AUTO_INCREMENT=9 DEFAULT CHARSET=utf8mb4 COLLATE=utf8mb4_general_ci;
/*!40101 SET character_set_client = @saved_cs_client */;

--
-- Dumping data for table `tbl_praktek_pembelajaran`
--

LOCK TABLES `tbl_praktek_pembelajaran` WRITE;
/*!40000 ALTER TABLE `tbl_praktek_pembelajaran` DISABLE KEYS */;
SET autocommit=0;
INSERT INTO `tbl_praktek_pembelajaran` VALUES (1,'Keperawatan Dasar'),(2,'Keperawatan Medikal Bedah'),(3,'Keperawatan Anak'),(4,'Keperawatan Maternitas'),(5,'Keperawatan Gawat Darurat'),(6,'Keperawatan KKG'),(7,'Keperawatan Perawatan Luka'),(8,'Biomedik Dasar');
/*!40000 ALTER TABLE `tbl_praktek_pembelajaran` ENABLE KEYS */;
UNLOCK TABLES;
COMMIT;

-- Dumped table `tbl_praktek_pembelajaran` with 8 row(s)
--

--
-- Table structure for table `tbl_reservasi_peminjaman`
--

/*!40101 SET @saved_cs_client     = @@character_set_client */;
/*!40101 SET character_set_client = utf8 */;
CREATE TABLE `tbl_reservasi_peminjaman` (
  `id` int(5) NOT NULL AUTO_INCREMENT,
  `kode_reservasi` varchar(20) NOT NULL,
  `nama_peminjam` varchar(100) NOT NULL,
  `nama_ruangan` varchar(100) NOT NULL,
  `keperluan` varchar(500) NOT NULL,
  `tanggal_penggunaan` datetime(6) NOT NULL,
  PRIMARY KEY (`id`)
) ENGINE=InnoDB DEFAULT CHARSET=utf8mb4 COLLATE=utf8mb4_general_ci;
/*!40101 SET character_set_client = @saved_cs_client */;

--
-- Dumping data for table `tbl_reservasi_peminjaman`
--

LOCK TABLES `tbl_reservasi_peminjaman` WRITE;
/*!40000 ALTER TABLE `tbl_reservasi_peminjaman` DISABLE KEYS */;
SET autocommit=0;
/*!40000 ALTER TABLE `tbl_reservasi_peminjaman` ENABLE KEYS */;
UNLOCK TABLES;
COMMIT;

-- Dumped table `tbl_reservasi_peminjaman` with 0 row(s)
--

--
-- Table structure for table `tbl_riwayat_peminjaman`
--

/*!40101 SET @saved_cs_client     = @@character_set_client */;
/*!40101 SET character_set_client = utf8 */;
CREATE TABLE `tbl_riwayat_peminjaman` (
  `id` int(5) NOT NULL AUTO_INCREMENT,
  `peminjaman_id` int(10) NOT NULL,
  `barang_id` int(10) NOT NULL,
  PRIMARY KEY (`id`),
  KEY `peminjaman_id` (`peminjaman_id`),
  KEY `barang_id` (`barang_id`),
  CONSTRAINT `tbl_riwayat_peminjaman_ibfk_1` FOREIGN KEY (`peminjaman_id`) REFERENCES `tbl_peminjaman` (`id`),
  CONSTRAINT `tbl_riwayat_peminjaman_ibfk_2` FOREIGN KEY (`barang_id`) REFERENCES `tbl_barang` (`id`)
) ENGINE=InnoDB AUTO_INCREMENT=178 DEFAULT CHARSET=utf8mb4 COLLATE=utf8mb4_general_ci;
/*!40101 SET character_set_client = @saved_cs_client */;

--
-- Dumping data for table `tbl_riwayat_peminjaman`
--

LOCK TABLES `tbl_riwayat_peminjaman` WRITE;
/*!40000 ALTER TABLE `tbl_riwayat_peminjaman` DISABLE KEYS */;
SET autocommit=0;
INSERT INTO `tbl_riwayat_peminjaman` VALUES (121,71,1262),(122,71,1269),(123,71,1277),(124,71,1278),(125,72,1265),(126,72,1266),(127,72,1275),(128,72,1276),(129,73,1269),(130,73,1270),(131,73,1271),(132,74,1268),(133,75,1310),(134,76,1269),(135,76,1270),(136,76,1271),(137,76,1277),(138,76,1278),(139,76,1279),(140,76,1323),(141,76,1324),(142,76,1325),(143,77,1268),(144,77,1281),(145,77,1506),(146,79,1265),(147,79,1266),(148,79,1268),(149,78,1262),(150,78,1280),(151,78,1282),(152,80,1265),(153,80,1266),(154,80,1267),(155,80,1268),(156,81,1269),(157,81,1270),(158,81,1271),(159,82,1260),(160,83,1260),(161,84,1261),(162,84,1262),(163,84,1265),(164,84,1266),(165,86,1261),(166,86,1262),(167,85,1265),(168,85,1266),(169,85,1267),(170,85,1268),(171,87,1269),(172,87,1270),(173,87,1271),(174,88,1260),(175,89,1260),(176,90,1260),(177,91,1260);
/*!40000 ALTER TABLE `tbl_riwayat_peminjaman` ENABLE KEYS */;
UNLOCK TABLES;
COMMIT;

-- Dumped table `tbl_riwayat_peminjaman` with 57 row(s)
--

--
-- Table structure for table `tbl_riwayat_pengembalian`
--

/*!40101 SET @saved_cs_client     = @@character_set_client */;
/*!40101 SET character_set_client = utf8 */;
CREATE TABLE `tbl_riwayat_pengembalian` (
  `id` int(10) NOT NULL AUTO_INCREMENT,
  `peminjaman_id` int(10) NOT NULL,
  `kode_kembali` varchar(50) NOT NULL,
  `tanggal_kembali` datetime(6) NOT NULL DEFAULT current_timestamp(6),
  `keterangan` varchar(500) NOT NULL,
  `nama_barang` varchar(255) NOT NULL,
  PRIMARY KEY (`id`),
  KEY `peminjaman_id` (`peminjaman_id`),
  CONSTRAINT `tbl_riwayat_pengembalian_ibfk_1` FOREIGN KEY (`peminjaman_id`) REFERENCES `tbl_peminjaman` (`id`) ON DELETE CASCADE
) ENGINE=InnoDB AUTO_INCREMENT=129 DEFAULT CHARSET=utf8mb4 COLLATE=utf8mb4_general_ci;
/*!40101 SET character_set_client = @saved_cs_client */;

--
-- Dumping data for table `tbl_riwayat_pengembalian`
--

LOCK TABLES `tbl_riwayat_pengembalian` WRITE;
/*!40000 ALTER TABLE `tbl_riwayat_pengembalian` DISABLE KEYS */;
SET autocommit=0;
INSERT INTO `tbl_riwayat_pengembalian` VALUES (126,84,'','2024-01-19 08:42:14.711375','','TERMOMETER GUN - YKY INV KEP 01 TERMOGUN 01,TERMOMETER GUN - YKY INV KEP 01 TERMOGUN 02,KOM BESAR - YKY INV KEP 01 KOM BSR 01,KOM BESAR - YKY INV KEP 01 KOM BSR 02');
/*!40000 ALTER TABLE `tbl_riwayat_pengembalian` ENABLE KEYS */;
UNLOCK TABLES;
COMMIT;

-- Dumped table `tbl_riwayat_pengembalian` with 1 row(s)
--

--
-- Table structure for table `tbl_ruangan`
--

/*!40101 SET @saved_cs_client     = @@character_set_client */;
/*!40101 SET character_set_client = utf8 */;
CREATE TABLE `tbl_ruangan` (
  `id` int(10) NOT NULL AUTO_INCREMENT,
  `nama_ruangan` varchar(255) NOT NULL,
  PRIMARY KEY (`id`)
) ENGINE=InnoDB AUTO_INCREMENT=11 DEFAULT CHARSET=utf8mb4 COLLATE=utf8mb4_general_ci;
/*!40101 SET character_set_client = @saved_cs_client */;

--
-- Dumping data for table `tbl_ruangan`
--

LOCK TABLES `tbl_ruangan` WRITE;
/*!40000 ALTER TABLE `tbl_ruangan` DISABLE KEYS */;
SET autocommit=0;
INSERT INTO `tbl_ruangan` VALUES (3,'Laboratorium Keperawatan Lantai 2'),(4,'Laboratorium Keperawatan Lantai 3'),(5,'Kelas'),(10,'Kegiatan diluar kampus');
/*!40000 ALTER TABLE `tbl_ruangan` ENABLE KEYS */;
UNLOCK TABLES;
COMMIT;

-- Dumped table `tbl_ruangan` with 4 row(s)
--

--
-- Table structure for table `tbl_satuan`
--

/*!40101 SET @saved_cs_client     = @@character_set_client */;
/*!40101 SET character_set_client = utf8 */;
CREATE TABLE `tbl_satuan` (
  `id` int(10) NOT NULL AUTO_INCREMENT,
  `nama_satuan` varchar(255) NOT NULL,
  PRIMARY KEY (`id`)
) ENGINE=InnoDB AUTO_INCREMENT=14 DEFAULT CHARSET=utf8mb4 COLLATE=utf8mb4_general_ci;
/*!40101 SET character_set_client = @saved_cs_client */;

--
-- Dumping data for table `tbl_satuan`
--

LOCK TABLES `tbl_satuan` WRITE;
/*!40000 ALTER TABLE `tbl_satuan` DISABLE KEYS */;
SET autocommit=0;
INSERT INTO `tbl_satuan` VALUES (1,'Buah'),(8,'Pcs'),(9,'Roll'),(10,'Pack'),(11,'Paket'),(12,'Pasang'),(13,'Set');
/*!40000 ALTER TABLE `tbl_satuan` ENABLE KEYS */;
UNLOCK TABLES;
COMMIT;

-- Dumped table `tbl_satuan` with 7 row(s)
--

--
-- Table structure for table `tbl_user`
--

/*!40101 SET @saved_cs_client     = @@character_set_client */;
/*!40101 SET character_set_client = utf8 */;
CREATE TABLE `tbl_user` (
  `id` int(5) NOT NULL AUTO_INCREMENT,
  `user_nama` varchar(100) NOT NULL,
  `user_password` varchar(10) NOT NULL,
  `full_nama` varchar(255) NOT NULL,
  `level` enum('Admin','User') NOT NULL,
  `created_at` datetime NOT NULL DEFAULT current_timestamp(),
  `updated_at` timestamp NOT NULL DEFAULT current_timestamp() ON UPDATE current_timestamp(),
  PRIMARY KEY (`id`)
) ENGINE=InnoDB AUTO_INCREMENT=23 DEFAULT CHARSET=utf8mb4 COLLATE=utf8mb4_general_ci;
/*!40101 SET character_set_client = @saved_cs_client */;

--
-- Dumping data for table `tbl_user`
--

LOCK TABLES `tbl_user` WRITE;
/*!40000 ALTER TABLE `tbl_user` DISABLE KEYS */;
SET autocommit=0;
INSERT INTO `tbl_user` VALUES (1,'admin','yky_admin','Administrator','Admin','2024-01-20 07:41:55','2024-01-21 07:52:03'),(2,'user','akperyky','Pengguna','User','2024-01-20 13:05:49','2024-01-21 09:36:01');
/*!40000 ALTER TABLE `tbl_user` ENABLE KEYS */;
UNLOCK TABLES;
COMMIT;

-- Dumped table `tbl_user` with 2 row(s)
--

/*!40103 SET TIME_ZONE=@OLD_TIME_ZONE */;
/*!40101 SET AUTOCOMMIT=@OLD_AUTOCOMMIT */;
/*!40101 SET SQL_MODE=@OLD_SQL_MODE */;
/*!40014 SET FOREIGN_KEY_CHECKS=@OLD_FOREIGN_KEY_CHECKS */;
/*!40014 SET UNIQUE_CHECKS=@OLD_UNIQUE_CHECKS */;
/*!40101 SET CHARACTER_SET_CLIENT=@OLD_CHARACTER_SET_CLIENT */;
/*!40101 SET CHARACTER_SET_RESULTS=@OLD_CHARACTER_SET_RESULTS */;
/*!40101 SET COLLATION_CONNECTION=@OLD_COLLATION_CONNECTION */;
/*!40111 SET SQL_NOTES=@OLD_SQL_NOTES */;

-- Dump completed on: Wed, 24 Jan 2024 04:06:26 +0700
